0	216	5.0
0	670	5.0
0	2627	1.0
0	3672	5.0
0	4042	1.0
0	4048	5.0
0	4347	1.0
0	4611	5.0
0	4942	5.0
0	5485	1.0
1	221	1.0
1	1412	5.0
1	2271	5.0
1	3672	5.0
1	3830	5.0
1	4038	5.0
1	4042	1.0
1	4208	5.0
1	5256	5.0
1	5392	5.0
2	230	1.0
2	774	5.0
2	1373	1.0
2	2009	1.0
2	2151	5.0
2	2765	5.0
2	3856	5.0
2	3985	5.0
2	5082	5.0
2	5237	1.0
3	1031	1.0
3	1108	5.0
3	1934	1.0
3	2263	5.0
3	2843	5.0
3	3011	5.0
3	4208	5.0
3	4566	1.0
3	4613	5.0
3	5140	5.0
4	686	5.0
4	967	5.0
4	1031	1.0
4	1866	1.0
4	2109	1.0
4	2344	1.0
4	3588	1.0
4	3814	1.0
4	4042	1.0
4	4043	5.0
5	230	1.0
5	793	5.0
5	1545	1.0
5	2344	1.0
5	2569	5.0
5	3011	5.0
5	4376	1.0
5	4969	5.0
5	5082	5.0
5	5355	5.0
6	886	5.0
6	894	5.0
6	2359	5.0
6	2627	1.0
6	3562	1.0
6	3830	5.0
6	3856	5.0
6	4962	5.0
6	4969	5.0
6	5260	5.0
7	688	5.0
7	2263	5.0
7	2976	5.0
7	3145	5.0
7	3184	1.0
7	3495	1.0
7	4894	5.0
7	4962	5.0
7	5076	1.0
7	5256	5.0
8	886	5.0
8	1112	5.0
8	2485	5.0
8	3074	5.0
8	3089	5.0
8	3184	1.0
8	3588	1.0
8	3814	1.0
8	4969	5.0
8	5144	5.0
9	832	5.0
9	1011	5.0
9	2109	1.0
9	2305	5.0
9	2627	1.0
9	3011	5.0
9	3856	5.0
9	4208	5.0
9	5006	5.0
9	5111	5.0
10	793	5.0
10	1011	5.0
10	1112	5.0
10	2151	5.0
10	2660	5.0
10	3184	1.0
10	3588	1.0
10	3926	5.0
10	4566	1.0
10	5144	5.0
11	688	5.0
11	832	5.0
11	847	1.0
11	2404	1.0
11	3495	1.0
11	3562	1.0
11	4001	1.0
11	5167	5.0
11	5263	5.0
11	5392	5.0
12	772	5.0
12	913	5.0
12	2263	5.0
12	2976	5.0
12	3145	5.0
12	3495	1.0
12	3718	1.0
12	3926	5.0
12	4001	1.0
12	5485	1.0
13	686	5.0
13	760	5.0
13	1112	5.0
13	1243	5.0
13	2627	1.0
13	3814	1.0
13	4038	5.0
13	5006	5.0
13	5082	5.0
13	5263	5.0
14	670	5.0
14	832	5.0
14	1243	5.0
14	1841	5.0
14	2866	5.0
14	3011	5.0
14	3672	5.0
14	3856	5.0
14	4042	1.0
14	4942	5.0
15	221	1.0
15	686	5.0
15	1243	5.0
15	3057	5.0
15	4042	1.0
15	4866	5.0
15	4969	5.0
15	5032	5.0
15	5140	5.0
15	5256	5.0
16	216	5.0
16	760	5.0
16	1655	5.0
16	1866	1.0
16	2087	1.0
16	2542	5.0
16	4001	1.0
16	5111	5.0
16	5237	1.0
16	5392	5.0
17	686	5.0
17	847	1.0
17	2485	5.0
17	2866	5.0
17	3588	1.0
17	3966	1.0
17	4208	5.0
17	4613	5.0
17	4962	5.0
17	5485	1.0
18	1545	1.0
18	1841	5.0
18	2263	5.0
18	2660	5.0
18	2843	5.0
18	3057	5.0
18	3184	1.0
18	3562	1.0
18	3985	5.0
18	4048	5.0
19	693	5.0
19	772	5.0
19	1934	1.0
19	2627	1.0
19	2976	5.0
19	3718	1.0
19	4208	5.0
19	4942	5.0
19	5237	1.0
19	5485	1.0
20	686	5.0
20	847	1.0
20	967	5.0
20	1243	5.0
20	2672	5.0
20	2843	5.0
20	3057	5.0
20	3184	1.0
20	3814	1.0
20	3876	5.0
21	686	5.0
21	1041	5.0
21	1108	5.0
21	1186	1.0
21	2087	1.0
21	2843	5.0
21	4001	1.0
21	4042	1.0
21	4208	5.0
21	4611	5.0
22	670	5.0
22	688	5.0
22	886	5.0
22	1030	1.0
22	1866	1.0
22	2271	5.0
22	2866	5.0
22	4595	5.0
22	4613	5.0
22	5355	5.0
23	670	5.0
23	1255	5.0
23	1934	1.0
23	2374	5.0
23	2765	5.0
23	4001	1.0
23	4208	5.0
23	4566	1.0
23	4866	5.0
23	5256	5.0
24	1031	1.0
24	1255	5.0
24	1328	5.0
24	2087	1.0
24	3011	5.0
24	3074	5.0
24	3985	5.0
24	4566	1.0
24	4942	5.0
24	5167	5.0
25	670	5.0
25	688	5.0
25	2263	5.0
25	4043	5.0
25	4347	1.0
25	4566	1.0
25	4866	5.0
25	4962	5.0
25	5032	5.0
25	5355	5.0
26	688	5.0
26	1041	5.0
26	1142	5.0
26	1841	5.0
26	2305	5.0
26	2866	5.0
26	3764	1.0
26	3860	5.0
26	4048	5.0
26	4942	5.0
27	686	5.0
27	1031	1.0
27	1441	1.0
27	1655	5.0
27	2344	1.0
27	3764	1.0
27	3860	5.0
27	4038	5.0
27	4347	1.0
27	4894	5.0
28	230	1.0
28	793	5.0
28	894	5.0
28	1142	5.0
28	1545	1.0
28	2843	5.0
28	4208	5.0
28	5076	1.0
28	5260	5.0
28	5392	5.0
29	793	5.0
29	1041	5.0
29	2087	1.0
29	2287	5.0
29	2374	5.0
29	2485	5.0
29	3985	5.0
29	4376	1.0
29	4613	5.0
29	4866	5.0
30	1030	1.0
30	1142	5.0
30	1186	1.0
30	1769	5.0
30	1841	5.0
30	2843	5.0
30	4043	5.0
30	4595	5.0
30	4894	5.0
30	4942	5.0
31	1112	5.0
31	1412	5.0
31	1655	5.0
31	2542	5.0
31	2672	5.0
31	3011	5.0
31	3588	1.0
31	4866	5.0
31	5032	5.0
31	5260	5.0
32	688	5.0
32	1655	5.0
32	2009	1.0
32	2087	1.0
32	2109	1.0
32	2287	5.0
32	2344	1.0
32	2404	1.0
32	2976	5.0
32	4043	5.0
33	221	1.0
33	772	5.0
33	1031	1.0
33	3145	5.0
33	3495	1.0
33	3814	1.0
33	3860	5.0
33	3966	1.0
33	4613	5.0
33	5032	5.0
34	760	5.0
34	847	1.0
34	967	5.0
34	1769	5.0
34	2271	5.0
34	3184	1.0
34	4613	5.0
34	5006	5.0
34	5082	5.0
34	5355	5.0
35	688	5.0
35	1041	5.0
35	1116	5.0
35	2358	5.0
35	2976	5.0
35	3718	1.0
35	3876	5.0
35	4595	5.0
35	4603	1.0
35	4920	1.0
36	832	5.0
36	2151	5.0
36	2271	5.0
36	2843	5.0
36	2976	5.0
36	3495	1.0
36	3876	5.0
36	4208	5.0
36	4962	5.0
36	5237	1.0
37	1769	5.0
37	2009	1.0
37	2287	5.0
37	3011	5.0
37	3588	1.0
37	3922	1.0
37	4018	5.0
37	4376	1.0
37	4894	5.0
37	5032	5.0
38	1545	1.0
38	2374	5.0
38	2459	5.0
38	2765	5.0
38	3057	5.0
38	3145	5.0
38	3926	5.0
38	4613	5.0
38	4866	5.0
38	4894	5.0
39	832	5.0
39	1108	5.0
39	2765	5.0
39	3011	5.0
39	3672	5.0
39	3814	1.0
39	3876	5.0
39	4038	5.0
39	5032	5.0
39	5260	5.0
40	1108	5.0
40	1255	5.0
40	1441	1.0
40	1655	5.0
40	1866	1.0
40	2263	5.0
40	2866	5.0
40	3966	1.0
40	4038	5.0
40	5082	5.0
41	847	1.0
41	894	5.0
41	1108	5.0
41	3145	5.0
41	3814	1.0
41	3856	5.0
41	3876	5.0
41	3966	1.0
41	4603	1.0
41	4611	5.0
42	221	1.0
42	832	5.0
42	886	5.0
42	1031	1.0
42	2263	5.0
42	2344	1.0
42	3856	5.0
42	3922	1.0
42	5082	5.0
42	5260	5.0
43	760	5.0
43	886	5.0
43	1041	5.0
43	1108	5.0
43	1116	5.0
43	2009	1.0
43	2263	5.0
43	2344	1.0
43	2358	5.0
43	3145	5.0
44	688	5.0
44	832	5.0
44	1142	5.0
44	2151	5.0
44	2374	5.0
44	2660	5.0
44	3495	1.0
44	3562	1.0
44	3876	5.0
44	4920	1.0
45	832	5.0
45	1373	1.0
45	1934	1.0
45	2359	5.0
45	2459	5.0
45	2485	5.0
45	3011	5.0
45	4603	1.0
45	5032	5.0
45	5167	5.0
46	760	5.0
46	1255	5.0
46	1328	5.0
46	2627	1.0
46	3184	1.0
46	3495	1.0
46	3764	1.0
46	3860	5.0
46	4942	5.0
46	5167	5.0
47	686	5.0
47	1112	5.0
47	1116	5.0
47	1373	1.0
47	1934	1.0
47	2404	1.0
47	2843	5.0
47	3856	5.0
47	4866	5.0
47	5260	5.0
48	216	5.0
48	688	5.0
48	913	5.0
48	1412	5.0
48	2271	5.0
48	2344	1.0
48	2660	5.0
48	3966	1.0
48	4595	5.0
48	5032	5.0
49	230	1.0
49	832	5.0
49	1412	5.0
49	1841	5.0
49	1934	1.0
49	2765	5.0
49	4042	1.0
49	4270	5.0
49	4866	5.0
49	5256	5.0
50	774	5.0
50	847	1.0
50	913	5.0
50	2374	5.0
50	2976	5.0
50	3074	5.0
50	3588	1.0
50	4595	5.0
50	5111	5.0
50	5355	5.0
51	1255	5.0
51	2087	1.0
51	2271	5.0
51	2359	5.0
51	2374	5.0
51	4595	5.0
51	4920	1.0
51	4962	5.0
51	5111	5.0
51	5392	5.0
52	216	5.0
52	772	5.0
52	1031	1.0
52	1255	5.0
52	1866	1.0
52	2087	1.0
52	2627	1.0
52	3057	5.0
52	3588	1.0
52	5260	5.0
53	760	5.0
53	913	5.0
53	1655	5.0
53	2359	5.0
53	2542	5.0
53	3074	5.0
53	3672	5.0
53	4038	5.0
53	4894	5.0
53	5167	5.0
54	230	1.0
54	772	5.0
54	886	5.0
54	1373	1.0
54	2542	5.0
54	2660	5.0
54	3145	5.0
54	3814	1.0
54	3966	1.0
54	5392	5.0
55	670	5.0
55	1243	5.0
55	1934	1.0
55	2359	5.0
55	3856	5.0
55	4001	1.0
55	4043	5.0
55	5032	5.0
55	5260	5.0
55	5485	1.0
56	1030	1.0
56	1186	1.0
56	1255	5.0
56	1866	1.0
56	2009	1.0
56	2109	1.0
56	3089	5.0
56	3718	1.0
56	4376	1.0
56	5032	5.0
57	670	5.0
57	847	1.0
57	3089	5.0
57	3856	5.0
57	3876	5.0
57	4376	1.0
57	4566	1.0
57	5256	5.0
57	5263	5.0
57	5485	1.0
58	216	5.0
58	832	5.0
58	913	5.0
58	2009	1.0
58	2672	5.0
58	3588	1.0
58	3718	1.0
58	3985	5.0
58	4038	5.0
58	4611	5.0
59	1412	5.0
59	1545	1.0
59	1655	5.0
59	2263	5.0
59	2627	1.0
59	2660	5.0
59	2976	5.0
59	3672	5.0
59	3926	5.0
59	5144	5.0
60	686	5.0
60	832	5.0
60	886	5.0
60	913	5.0
60	1041	5.0
60	1934	1.0
60	2109	1.0
60	2305	5.0
60	2866	5.0
60	4920	1.0
61	221	1.0
61	772	5.0
61	832	5.0
61	1841	5.0
61	2843	5.0
61	3184	1.0
61	3562	1.0
61	3926	5.0
61	4208	5.0
61	5485	1.0
62	230	1.0
62	886	5.0
62	1841	5.0
62	2109	1.0
62	2672	5.0
62	3966	1.0
62	4208	5.0
62	4613	5.0
62	5355	5.0
62	5485	1.0
63	686	5.0
63	2263	5.0
63	2374	5.0
63	2569	5.0
63	3876	5.0
63	3922	1.0
63	4038	5.0
63	5032	5.0
63	5076	1.0
63	5392	5.0
64	230	1.0
64	693	5.0
64	886	5.0
64	1108	5.0
64	2459	5.0
64	2569	5.0
64	4043	5.0
64	4048	5.0
64	4376	1.0
64	5076	1.0
65	886	5.0
65	1142	5.0
65	1255	5.0
65	1655	5.0
65	2359	5.0
65	2627	1.0
65	3089	5.0
65	3145	5.0
65	3856	5.0
65	4018	5.0
66	216	5.0
66	1769	5.0
66	2660	5.0
66	3860	5.0
66	3924	1.0
66	3966	1.0
66	3985	5.0
66	4942	5.0
66	5006	5.0
66	5237	1.0
67	216	5.0
67	3011	5.0
67	3184	1.0
67	3830	5.0
67	3860	5.0
67	4042	1.0
67	4603	1.0
67	5032	5.0
67	5076	1.0
67	5082	5.0
68	1031	1.0
68	1441	1.0
68	1769	5.0
68	2542	5.0
68	2866	5.0
68	3876	5.0
68	3926	5.0
68	3966	1.0
68	4038	5.0
68	5392	5.0
69	670	5.0
69	688	5.0
69	1116	5.0
69	1243	5.0
69	1769	5.0
69	2660	5.0
69	3057	5.0
69	3588	1.0
69	3764	1.0
69	5144	5.0
70	216	5.0
70	1041	5.0
70	1412	5.0
70	1441	1.0
70	2287	5.0
70	2305	5.0
70	2569	5.0
70	3184	1.0
70	3814	1.0
70	4611	5.0
71	1328	5.0
71	2344	1.0
71	3074	5.0
71	3562	1.0
71	4048	5.0
71	4962	5.0
71	5006	5.0
71	5032	5.0
71	5263	5.0
71	5355	5.0
72	688	5.0
72	793	5.0
72	1142	5.0
72	1769	5.0
72	2542	5.0
72	2976	5.0
72	3011	5.0
72	3184	1.0
72	3495	1.0
72	3985	5.0
73	670	5.0
73	886	5.0
73	967	5.0
73	1030	1.0
73	2485	5.0
73	2843	5.0
73	3089	5.0
73	4018	5.0
73	5006	5.0
73	5237	1.0
74	1373	1.0
74	2087	1.0
74	2374	5.0
74	3830	5.0
74	3856	5.0
74	3924	1.0
74	4038	5.0
74	4920	1.0
74	4962	5.0
74	5256	5.0
75	886	5.0
75	1031	1.0
75	1041	5.0
75	2359	5.0
75	2660	5.0
75	2672	5.0
75	3860	5.0
75	4042	1.0
75	4866	5.0
75	5076	1.0
76	774	5.0
76	1116	5.0
76	1373	1.0
76	2151	5.0
76	2263	5.0
76	3184	1.0
76	4043	5.0
76	4566	1.0
76	4894	5.0
76	5355	5.0
77	793	5.0
77	1011	5.0
77	1243	5.0
77	1545	1.0
77	3588	1.0
77	3860	5.0
77	4042	1.0
77	4376	1.0
77	5144	5.0
77	5355	5.0
78	894	5.0
78	1030	1.0
78	2305	5.0
78	2627	1.0
78	3057	5.0
78	3184	1.0
78	4566	1.0
78	4942	5.0
78	5237	1.0
78	5256	5.0
79	1031	1.0
79	1255	5.0
79	1545	1.0
79	1866	1.0
79	2627	1.0
79	3184	1.0
79	3672	5.0
79	3926	5.0
79	4042	1.0
79	4048	5.0
80	847	1.0
80	1041	5.0
80	1934	1.0
80	2087	1.0
80	2271	5.0
80	2305	5.0
80	3924	1.0
80	3966	1.0
80	4920	1.0
80	5082	5.0
81	230	1.0
81	886	5.0
81	1841	5.0
81	2271	5.0
81	2459	5.0
81	2542	5.0
81	4347	1.0
81	4376	1.0
81	4595	5.0
81	5076	1.0
82	793	5.0
82	1243	5.0
82	1934	1.0
82	3764	1.0
82	3814	1.0
82	3966	1.0
82	5032	5.0
82	5076	1.0
82	5167	5.0
82	5485	1.0
83	230	1.0
83	1112	5.0
83	1441	1.0
83	2263	5.0
83	2374	5.0
83	2459	5.0
83	3074	5.0
83	3145	5.0
83	3588	1.0
83	5355	5.0
84	894	5.0
84	913	5.0
84	1112	5.0
84	2087	1.0
84	2263	5.0
84	2627	1.0
84	2672	5.0
84	3089	5.0
84	3966	1.0
84	5140	5.0
85	1255	5.0
85	2359	5.0
85	3184	1.0
85	3764	1.0
85	3814	1.0
85	3926	5.0
85	4270	5.0
85	4962	5.0
85	5082	5.0
85	5392	5.0
86	1655	5.0
86	2374	5.0
86	2569	5.0
86	3074	5.0
86	3926	5.0
86	4347	1.0
86	4595	5.0
86	5032	5.0
86	5076	1.0
86	5167	5.0
87	1142	5.0
87	2569	5.0
87	3495	1.0
87	3588	1.0
87	3830	5.0
87	3966	1.0
87	4018	5.0
87	4376	1.0
87	4595	5.0
87	4920	1.0
88	230	1.0
88	772	5.0
88	774	5.0
88	1041	5.0
88	1112	5.0
88	2976	5.0
88	3562	1.0
88	4611	5.0
88	5167	5.0
88	5237	1.0
89	1041	5.0
89	1186	1.0
89	2866	5.0
89	2976	5.0
89	3011	5.0
89	3856	5.0
89	4042	1.0
89	4611	5.0
89	4613	5.0
89	4942	5.0
90	760	5.0
90	832	5.0
90	1328	5.0
90	2569	5.0
90	3672	5.0
90	4376	1.0
90	4866	5.0
90	5032	5.0
90	5260	5.0
90	5485	1.0
91	688	5.0
91	693	5.0
91	1866	1.0
91	2374	5.0
91	3495	1.0
91	3672	5.0
91	3764	1.0
91	3830	5.0
91	4043	5.0
91	4270	5.0
92	774	5.0
92	886	5.0
92	1934	1.0
92	2344	1.0
92	2485	5.0
92	2672	5.0
92	3966	1.0
92	4566	1.0
92	4603	1.0
92	4894	5.0
93	686	5.0
93	1934	1.0
93	2569	5.0
93	2672	5.0
93	3588	1.0
93	3876	5.0
93	3922	1.0
93	4962	5.0
93	5111	5.0
93	5355	5.0
94	221	1.0
94	894	5.0
94	1031	1.0
94	1328	5.0
94	1441	1.0
94	1769	5.0
94	2374	5.0
94	2404	1.0
94	3922	1.0
94	5260	5.0
95	686	5.0
95	1243	5.0
95	1328	5.0
95	1412	5.0
95	2344	1.0
95	2660	5.0
95	4038	5.0
95	4270	5.0
95	4613	5.0
95	5355	5.0
96	774	5.0
96	832	5.0
96	886	5.0
96	1243	5.0
96	2263	5.0
96	2344	1.0
96	3814	1.0
96	4894	5.0
96	5082	5.0
96	5144	5.0
97	967	5.0
97	1108	5.0
97	2087	1.0
97	2358	5.0
97	2359	5.0
97	3495	1.0
97	3830	5.0
97	3860	5.0
97	4018	5.0
97	4603	1.0
98	847	1.0
98	1108	5.0
98	1112	5.0
98	2087	1.0
98	2344	1.0
98	3184	1.0
98	3830	5.0
98	4942	5.0
98	4969	5.0
98	5076	1.0
99	847	1.0
99	913	5.0
99	1186	1.0
99	1545	1.0
99	2459	5.0
99	2866	5.0
99	4894	5.0
99	4942	5.0
99	4969	5.0
99	5355	5.0
100	230	1.0
100	832	5.0
100	847	1.0
100	1769	5.0
100	2866	5.0
100	3074	5.0
100	4018	5.0
100	5076	1.0
100	5111	5.0
100	5485	1.0
101	670	5.0
101	847	1.0
101	1142	5.0
101	1328	5.0
101	1655	5.0
101	1841	5.0
101	1934	1.0
101	2485	5.0
101	3588	1.0
101	3860	5.0
102	686	5.0
102	2271	5.0
102	2359	5.0
102	3184	1.0
102	3856	5.0
102	4920	1.0
102	4962	5.0
102	5111	5.0
102	5144	5.0
102	5256	5.0
103	221	1.0
103	886	5.0
103	1031	1.0
103	2542	5.0
103	2569	5.0
103	2765	5.0
103	3089	5.0
103	4603	1.0
103	5076	1.0
103	5355	5.0
104	774	5.0
104	1041	5.0
104	1112	5.0
104	1255	5.0
104	1866	1.0
104	2627	1.0
104	2976	5.0
104	3145	5.0
104	3985	5.0
104	5263	5.0
105	793	5.0
105	886	5.0
105	1112	5.0
105	1255	5.0
105	2404	1.0
105	2485	5.0
105	2660	5.0
105	3089	5.0
105	4001	1.0
105	4038	5.0
106	886	5.0
106	1011	5.0
106	1112	5.0
106	1186	1.0
106	2087	1.0
106	2287	5.0
106	2459	5.0
106	2660	5.0
106	4603	1.0
106	5263	5.0
107	230	1.0
107	688	5.0
107	2009	1.0
107	2305	5.0
107	2374	5.0
107	3860	5.0
107	3924	1.0
107	4376	1.0
107	4894	5.0
107	4962	5.0
108	221	1.0
108	686	5.0
108	1011	5.0
108	1373	1.0
108	2087	1.0
108	3672	5.0
108	3876	5.0
108	3966	1.0
108	4376	1.0
108	5485	1.0
109	221	1.0
109	760	5.0
109	1412	5.0
109	2374	5.0
109	2542	5.0
109	3588	1.0
109	3924	1.0
109	4208	5.0
109	4613	5.0
109	5237	1.0
110	967	5.0
110	1441	1.0
110	1841	5.0
110	1866	1.0
110	2765	5.0
110	3074	5.0
110	4566	1.0
110	5111	5.0
110	5144	5.0
110	5355	5.0
111	1030	1.0
111	1031	1.0
111	1108	5.0
111	1934	1.0
111	2087	1.0
111	2287	5.0
111	3562	1.0
111	3856	5.0
111	5076	1.0
111	5082	5.0
112	216	5.0
112	670	5.0
112	886	5.0
112	2263	5.0
112	2358	5.0
112	2459	5.0
112	2627	1.0
112	2660	5.0
112	4347	1.0
112	4969	5.0
113	670	5.0
113	1041	5.0
113	1412	5.0
113	1841	5.0
113	1866	1.0
113	2263	5.0
113	2866	5.0
113	3495	1.0
113	4566	1.0
113	5032	5.0
114	772	5.0
114	913	5.0
114	1243	5.0
114	2569	5.0
114	2866	5.0
114	3495	1.0
114	3926	5.0
114	4595	5.0
114	5140	5.0
114	5256	5.0
115	686	5.0
115	688	5.0
115	894	5.0
115	1255	5.0
115	1841	5.0
115	3011	5.0
115	3184	1.0
115	3562	1.0
115	3856	5.0
115	5032	5.0
116	1011	5.0
116	2287	5.0
116	2542	5.0
116	2627	1.0
116	2866	5.0
116	3856	5.0
116	3860	5.0
116	3922	1.0
116	4001	1.0
116	5006	5.0
117	847	1.0
117	1412	5.0
117	1441	1.0
117	2109	1.0
117	2263	5.0
117	2660	5.0
117	4001	1.0
117	4566	1.0
117	4613	5.0
117	5260	5.0
118	688	5.0
118	1031	1.0
118	2459	5.0
118	2765	5.0
118	2866	5.0
118	2976	5.0
118	3562	1.0
118	3672	5.0
118	3922	1.0
118	4894	5.0
119	688	5.0
119	1441	1.0
119	1866	1.0
119	2263	5.0
119	2359	5.0
119	2866	5.0
119	4208	5.0
119	4566	1.0
119	4613	5.0
119	5355	5.0
120	1031	1.0
120	1328	5.0
120	2263	5.0
120	2344	1.0
120	3057	5.0
120	3562	1.0
120	3860	5.0
120	4603	1.0
120	4866	5.0
120	4942	5.0
121	760	5.0
121	1112	5.0
121	2263	5.0
121	3074	5.0
121	3966	1.0
121	4018	5.0
121	4920	1.0
121	5144	5.0
121	5263	5.0
121	5392	5.0
122	886	5.0
122	913	5.0
122	1412	5.0
122	1655	5.0
122	2151	5.0
122	2459	5.0
122	2569	5.0
122	4043	5.0
122	5082	5.0
122	5167	5.0
123	686	5.0
123	688	5.0
123	894	5.0
123	1030	1.0
123	1116	5.0
123	1655	5.0
123	3057	5.0
123	4043	5.0
123	5082	5.0
123	5260	5.0
124	1041	5.0
124	1373	1.0
124	2344	1.0
124	2374	5.0
124	3145	5.0
124	3764	1.0
124	3922	1.0
124	4270	5.0
124	5111	5.0
124	5167	5.0
125	886	5.0
125	1412	5.0
125	1441	1.0
125	2404	1.0
125	3562	1.0
125	4038	5.0
125	4043	5.0
125	4613	5.0
125	5144	5.0
125	5392	5.0
126	688	5.0
126	1142	5.0
126	1545	1.0
126	2359	5.0
126	2866	5.0
126	3588	1.0
126	3718	1.0
126	3924	1.0
126	4347	1.0
126	5076	1.0
127	913	5.0
127	1108	5.0
127	2459	5.0
127	2843	5.0
127	2866	5.0
127	3718	1.0
127	3926	5.0
127	4866	5.0
127	5082	5.0
127	5392	5.0
128	216	5.0
128	688	5.0
128	1011	5.0
128	1041	5.0
128	1441	1.0
128	1866	1.0
128	3057	5.0
128	3860	5.0
128	4595	5.0
128	4613	5.0
129	670	5.0
129	1412	5.0
129	2374	5.0
129	3922	1.0
129	3926	5.0
129	4038	5.0
129	4043	5.0
129	4048	5.0
129	4566	1.0
129	5111	5.0
130	670	5.0
130	693	5.0
130	832	5.0
130	1041	5.0
130	1116	5.0
130	1934	1.0
130	2271	5.0
130	2660	5.0
130	3089	5.0
130	5032	5.0
131	774	5.0
131	1041	5.0
131	1112	5.0
131	1841	5.0
131	2459	5.0
131	2866	5.0
131	3860	5.0
131	4270	5.0
131	5144	5.0
131	5485	1.0
132	216	5.0
132	967	5.0
132	2359	5.0
132	3495	1.0
132	3588	1.0
132	3966	1.0
132	4018	5.0
132	4048	5.0
132	4611	5.0
132	5082	5.0
133	688	5.0
133	2009	1.0
133	3011	5.0
133	3089	5.0
133	3145	5.0
133	3764	1.0
133	3924	1.0
133	4043	5.0
133	4376	1.0
133	5392	5.0
134	670	5.0
134	913	5.0
134	1841	5.0
134	2109	1.0
134	2374	5.0
134	3718	1.0
134	4566	1.0
134	4595	5.0
134	4603	1.0
134	4942	5.0
135	216	5.0
135	230	1.0
135	913	5.0
135	1255	5.0
135	1373	1.0
135	2087	1.0
135	3184	1.0
135	3830	5.0
135	4001	1.0
135	4208	5.0
136	693	5.0
136	774	5.0
136	1041	5.0
136	1243	5.0
136	1328	5.0
136	2009	1.0
136	2344	1.0
136	4566	1.0
136	4613	5.0
136	4920	1.0
137	230	1.0
137	686	5.0
137	774	5.0
137	3184	1.0
137	3764	1.0
137	3856	5.0
137	3926	5.0
137	4001	1.0
137	4376	1.0
137	5082	5.0
138	1112	5.0
138	1243	5.0
138	1255	5.0
138	2271	5.0
138	4001	1.0
138	4042	1.0
138	4208	5.0
138	4595	5.0
138	5237	1.0
138	5260	5.0
139	847	1.0
139	894	5.0
139	1030	1.0
139	1031	1.0
139	1186	1.0
139	1866	1.0
139	3830	5.0
139	3926	5.0
139	4042	1.0
139	4894	5.0
140	894	5.0
140	1031	1.0
140	1112	5.0
140	2843	5.0
140	3057	5.0
140	3145	5.0
140	3588	1.0
140	3672	5.0
140	4018	5.0
140	4866	5.0
141	216	5.0
141	894	5.0
141	913	5.0
141	1031	1.0
141	1255	5.0
141	1866	1.0
141	2287	5.0
141	4001	1.0
141	4962	5.0
141	5006	5.0
142	688	5.0
142	886	5.0
142	1841	5.0
142	2459	5.0
142	3924	1.0
142	4613	5.0
142	4894	5.0
142	5032	5.0
142	5167	5.0
142	5392	5.0
143	1116	5.0
143	1255	5.0
143	1545	1.0
143	1934	1.0
143	2151	5.0
143	2287	5.0
143	3985	5.0
143	4018	5.0
143	4894	5.0
143	5111	5.0
144	793	5.0
144	894	5.0
144	1112	5.0
144	1255	5.0
144	2087	1.0
144	2344	1.0
144	2843	5.0
144	3011	5.0
144	4566	1.0
144	5260	5.0
145	1011	5.0
145	1769	5.0
145	2305	5.0
145	2358	5.0
145	3089	5.0
145	3924	1.0
145	3966	1.0
145	4038	5.0
145	4566	1.0
145	4603	1.0
146	688	5.0
146	1255	5.0
146	1441	1.0
146	1545	1.0
146	2109	1.0
146	2287	5.0
146	2660	5.0
146	4270	5.0
146	4962	5.0
146	5263	5.0
147	686	5.0
147	760	5.0
147	2344	1.0
147	3145	5.0
147	4376	1.0
147	4894	5.0
147	5032	5.0
147	5140	5.0
147	5237	1.0
147	5260	5.0
148	760	5.0
148	967	5.0
148	1030	1.0
148	2672	5.0
148	3860	5.0
148	4038	5.0
148	4042	1.0
148	4270	5.0
148	4942	5.0
148	5032	5.0
149	216	5.0
149	967	5.0
149	1030	1.0
149	1112	5.0
149	1243	5.0
149	1255	5.0
149	2305	5.0
149	2374	5.0
149	2672	5.0
149	2765	5.0
150	1041	5.0
150	1373	1.0
150	2344	1.0
150	2359	5.0
150	2459	5.0
150	3495	1.0
150	3860	5.0
150	4001	1.0
150	4603	1.0
150	4613	5.0
151	772	5.0
151	1041	5.0
151	1108	5.0
151	2866	5.0
151	3860	5.0
151	4603	1.0
151	5140	5.0
151	5144	5.0
151	5237	1.0
151	5260	5.0
152	1011	5.0
152	1142	5.0
152	3057	5.0
152	3074	5.0
152	3089	5.0
152	3184	1.0
152	3856	5.0
152	4595	5.0
152	4611	5.0
152	5260	5.0
153	221	1.0
153	1255	5.0
153	1655	5.0
153	2287	5.0
153	2358	5.0
153	3011	5.0
153	3074	5.0
153	3814	1.0
153	4969	5.0
153	5076	1.0
154	230	1.0
154	913	5.0
154	2287	5.0
154	2358	5.0
154	2627	1.0
154	3089	5.0
154	3495	1.0
154	3718	1.0
154	4894	5.0
154	5355	5.0
155	230	1.0
155	688	5.0
155	793	5.0
155	1255	5.0
155	2305	5.0
155	3495	1.0
155	4613	5.0
155	5111	5.0
155	5140	5.0
155	5237	1.0
156	688	5.0
156	2660	5.0
156	2976	5.0
156	3074	5.0
156	3718	1.0
156	3814	1.0
156	3924	1.0
156	4038	5.0
156	4042	1.0
156	4611	5.0
157	1186	1.0
157	2009	1.0
157	2087	1.0
157	2344	1.0
157	3718	1.0
157	3764	1.0
157	3856	5.0
157	4048	5.0
157	5144	5.0
157	5485	1.0
158	760	5.0
158	1031	1.0
158	1116	5.0
158	1243	5.0
158	2009	1.0
158	2404	1.0
158	2485	5.0
158	3924	1.0
158	4270	5.0
158	4376	1.0
159	760	5.0
159	1243	5.0
159	2087	1.0
159	3074	5.0
159	3588	1.0
159	3814	1.0
159	3830	5.0
159	3924	1.0
159	4613	5.0
159	5140	5.0
160	216	5.0
160	772	5.0
160	886	5.0
160	2359	5.0
160	2374	5.0
160	2404	1.0
160	3985	5.0
160	4048	5.0
160	5076	1.0
160	5082	5.0
161	967	5.0
161	1116	5.0
161	1866	1.0
161	2404	1.0
161	2459	5.0
161	2660	5.0
161	3011	5.0
161	4001	1.0
161	4018	5.0
161	5140	5.0
162	967	5.0
162	1142	5.0
162	1769	5.0
162	3057	5.0
162	3672	5.0
162	3926	5.0
162	4270	5.0
162	4613	5.0
162	5140	5.0
162	5263	5.0
163	221	1.0
163	693	5.0
163	1373	1.0
163	2109	1.0
163	2976	5.0
163	3145	5.0
163	3495	1.0
163	3672	5.0
163	3926	5.0
163	4001	1.0
164	760	5.0
164	774	5.0
164	894	5.0
164	1116	5.0
164	1142	5.0
164	2271	5.0
164	3074	5.0
164	3145	5.0
164	3985	5.0
164	5167	5.0
165	1934	1.0
165	2151	5.0
165	2263	5.0
165	2271	5.0
165	2459	5.0
165	2976	5.0
165	3495	1.0
165	3860	5.0
165	3922	1.0
165	4969	5.0
166	1328	5.0
166	1412	5.0
166	1866	1.0
166	2404	1.0
166	2660	5.0
166	2976	5.0
166	3814	1.0
166	4613	5.0
166	5140	5.0
166	5392	5.0
167	793	5.0
167	832	5.0
167	886	5.0
167	894	5.0
167	1116	5.0
167	2485	5.0
167	4042	1.0
167	4048	5.0
167	4969	5.0
167	5237	1.0
168	913	5.0
168	1031	1.0
168	2976	5.0
168	3764	1.0
168	4043	5.0
168	4048	5.0
168	4603	1.0
168	5082	5.0
168	5256	5.0
168	5355	5.0
169	693	5.0
169	832	5.0
169	894	5.0
169	2263	5.0
169	2976	5.0
169	3011	5.0
169	3495	1.0
169	3764	1.0
169	4001	1.0
169	4038	5.0
170	688	5.0
170	913	5.0
170	2087	1.0
170	2358	5.0
170	2459	5.0
170	2660	5.0
170	3856	5.0
170	5167	5.0
170	5263	5.0
170	5392	5.0
171	913	5.0
171	1934	1.0
171	2263	5.0
171	2358	5.0
171	2459	5.0
171	2672	5.0
171	3830	5.0
171	3876	5.0
171	4942	5.0
171	5144	5.0
172	1031	1.0
172	1373	1.0
172	1769	5.0
172	2009	1.0
172	2660	5.0
172	2976	5.0
172	3562	1.0
172	3764	1.0
172	5006	5.0
172	5167	5.0
173	847	1.0
173	1655	5.0
173	1841	5.0
173	2459	5.0
173	3718	1.0
173	3764	1.0
173	4038	5.0
173	4270	5.0
173	4603	1.0
173	5076	1.0
174	1112	5.0
174	1934	1.0
174	2087	1.0
174	2271	5.0
174	2627	1.0
174	3588	1.0
174	3764	1.0
174	4611	5.0
174	4613	5.0
174	5263	5.0
175	688	5.0
175	693	5.0
175	2271	5.0
175	2542	5.0
175	2627	1.0
175	2843	5.0
175	3011	5.0
175	3672	5.0
175	4942	5.0
175	5167	5.0
176	686	5.0
176	1243	5.0
176	2627	1.0
176	2976	5.0
176	3588	1.0
176	3764	1.0
176	3966	1.0
176	4613	5.0
176	4894	5.0
176	5260	5.0
177	670	5.0
177	774	5.0
177	2305	5.0
177	3011	5.0
177	3672	5.0
177	3814	1.0
177	3830	5.0
177	3966	1.0
177	4595	5.0
177	5256	5.0
178	1011	5.0
178	1441	1.0
178	2542	5.0
178	2976	5.0
178	3588	1.0
178	3985	5.0
178	4611	5.0
178	4866	5.0
178	5006	5.0
178	5167	5.0
179	793	5.0
179	847	1.0
179	1031	1.0
179	1328	5.0
179	1866	1.0
179	2305	5.0
179	3814	1.0
179	3876	5.0
179	4042	1.0
179	4962	5.0
180	221	1.0
180	760	5.0
180	847	1.0
180	1116	5.0
180	2087	1.0
180	2263	5.0
180	2271	5.0
180	3089	5.0
180	4038	5.0
180	4048	5.0
181	1041	5.0
181	1116	5.0
181	1328	5.0
181	1655	5.0
181	2271	5.0
181	3089	5.0
181	3926	5.0
181	3966	1.0
181	4603	1.0
181	4969	5.0
182	832	5.0
182	1116	5.0
182	2263	5.0
182	3860	5.0
182	3985	5.0
182	4001	1.0
182	4018	5.0
182	4376	1.0
182	5076	1.0
182	5392	5.0
183	216	5.0
183	688	5.0
183	793	5.0
183	1108	5.0
183	1545	1.0
183	1655	5.0
183	2151	5.0
183	2976	5.0
183	3926	5.0
183	5260	5.0
184	894	5.0
184	1031	1.0
184	1112	5.0
184	2358	5.0
184	3876	5.0
184	3922	1.0
184	4042	1.0
184	4376	1.0
184	5032	5.0
184	5260	5.0
185	913	5.0
185	1116	5.0
185	1255	5.0
185	1328	5.0
185	3145	5.0
185	4208	5.0
185	4613	5.0
185	5111	5.0
185	5256	5.0
185	5485	1.0
186	760	5.0
186	894	5.0
186	1255	5.0
186	1841	5.0
186	1866	1.0
186	2358	5.0
186	2627	1.0
186	4001	1.0
186	4208	5.0
186	5260	5.0
187	1011	5.0
187	2404	1.0
187	2569	5.0
187	2660	5.0
187	3924	1.0
187	3985	5.0
187	4042	1.0
187	4208	5.0
187	5140	5.0
187	5263	5.0
188	686	5.0
188	1041	5.0
188	2569	5.0
188	2660	5.0
188	4613	5.0
188	4942	5.0
188	5006	5.0
188	5140	5.0
188	5260	5.0
188	5485	1.0
189	221	1.0
189	1011	5.0
189	1030	1.0
189	1841	5.0
189	2866	5.0
189	3011	5.0
189	3814	1.0
189	3966	1.0
189	4595	5.0
189	4894	5.0
190	221	1.0
190	772	5.0
190	886	5.0
190	1655	5.0
190	4603	1.0
190	4920	1.0
190	4942	5.0
190	5032	5.0
190	5167	5.0
190	5260	5.0
191	2009	1.0
191	2459	5.0
191	2569	5.0
191	3011	5.0
191	4270	5.0
191	4376	1.0
191	4566	1.0
191	4595	5.0
191	4611	5.0
191	4894	5.0
192	216	5.0
192	693	5.0
192	913	5.0
192	1041	5.0
192	1108	5.0
192	1934	1.0
192	2009	1.0
192	4048	5.0
192	4566	1.0
192	5032	5.0
193	886	5.0
193	1031	1.0
193	2009	1.0
193	3089	5.0
193	4038	5.0
193	4595	5.0
193	5032	5.0
193	5111	5.0
193	5167	5.0
193	5485	1.0
194	886	5.0
194	913	5.0
194	1186	1.0
194	1328	5.0
194	1934	1.0
194	2976	5.0
194	3145	5.0
194	3830	5.0
194	4611	5.0
194	4866	5.0
195	760	5.0
195	1866	1.0
195	2485	5.0
195	3718	1.0
195	3876	5.0
195	3926	5.0
195	4208	5.0
195	4347	1.0
195	5392	5.0
195	5485	1.0
196	216	5.0
196	686	5.0
196	1112	5.0
196	1373	1.0
196	1412	5.0
196	2263	5.0
196	3074	5.0
196	3860	5.0
196	4894	5.0
196	4942	5.0
197	1186	1.0
197	1866	1.0
197	2009	1.0
197	2263	5.0
197	2404	1.0
197	2765	5.0
197	3830	5.0
197	3966	1.0
197	4043	5.0
197	4969	5.0
198	1112	5.0
198	2459	5.0
198	2627	1.0
198	2765	5.0
198	2866	5.0
198	3860	5.0
198	4018	5.0
198	4042	1.0
198	4270	5.0
198	5140	5.0
199	1031	1.0
199	1255	5.0
199	1866	1.0
199	2287	5.0
199	3057	5.0
199	3860	5.0
199	4018	5.0
199	4043	5.0
199	4866	5.0
199	5167	5.0
200	230	1.0
200	688	5.0
200	1769	5.0
200	3089	5.0
200	3672	5.0
200	3924	1.0
200	4048	5.0
200	4920	1.0
200	4962	5.0
200	5355	5.0
201	832	5.0
201	3495	1.0
201	3562	1.0
201	3926	5.0
201	4018	5.0
201	4270	5.0
201	4347	1.0
201	4595	5.0
201	5006	5.0
201	5111	5.0
202	967	5.0
202	1011	5.0
202	1031	1.0
202	1041	5.0
202	2627	1.0
202	4001	1.0
202	4042	1.0
202	4969	5.0
202	5256	5.0
202	5355	5.0
203	772	5.0
203	886	5.0
203	967	5.0
203	2404	1.0
203	3764	1.0
203	3814	1.0
203	3926	5.0
203	4613	5.0
203	4894	5.0
203	5355	5.0
204	1041	5.0
204	1255	5.0
204	1769	5.0
204	2485	5.0
204	2843	5.0
204	3856	5.0
204	3924	1.0
204	4018	5.0
204	4942	5.0
204	5144	5.0
205	230	1.0
205	772	5.0
205	913	5.0
205	2151	5.0
205	2305	5.0
205	2358	5.0
205	3718	1.0
205	3860	5.0
205	4376	1.0
205	5392	5.0
206	1108	5.0
206	1142	5.0
206	2866	5.0
206	3145	5.0
206	3562	1.0
206	3588	1.0
206	3718	1.0
206	3830	5.0
206	3876	5.0
206	5006	5.0
207	216	5.0
207	760	5.0
207	2305	5.0
207	2976	5.0
207	3922	1.0
207	4208	5.0
207	4347	1.0
207	4611	5.0
207	4920	1.0
207	5392	5.0
208	693	5.0
208	1041	5.0
208	1655	5.0
208	2358	5.0
208	2359	5.0
208	3145	5.0
208	3562	1.0
208	3764	1.0
208	4595	5.0
208	5006	5.0
209	847	1.0
209	1011	5.0
209	1186	1.0
209	1866	1.0
209	2765	5.0
209	3074	5.0
209	4038	5.0
209	4042	1.0
209	5082	5.0
209	5111	5.0
210	774	5.0
210	913	5.0
210	967	5.0
210	1112	5.0
210	1243	5.0
210	1934	1.0
210	2305	5.0
210	2976	5.0
210	4048	5.0
210	5082	5.0
211	216	5.0
211	1031	1.0
211	2765	5.0
211	2866	5.0
211	3876	5.0
211	3966	1.0
211	4208	5.0
211	4270	5.0
211	4347	1.0
211	4866	5.0
212	670	5.0
212	1769	5.0
212	2374	5.0
212	2569	5.0
212	2627	1.0
212	3495	1.0
212	3764	1.0
212	3856	5.0
212	4018	5.0
212	5263	5.0
213	774	5.0
213	1243	5.0
213	1441	1.0
213	2271	5.0
213	2358	5.0
213	2672	5.0
213	3562	1.0
213	3860	5.0
213	3926	5.0
213	4347	1.0
214	221	1.0
214	670	5.0
214	1328	5.0
214	2404	1.0
214	2485	5.0
214	3057	5.0
214	3184	1.0
214	3985	5.0
214	5260	5.0
214	5263	5.0
215	670	5.0
215	774	5.0
215	1112	5.0
215	1328	5.0
215	2087	1.0
215	3074	5.0
215	3184	1.0
215	3588	1.0
215	4611	5.0
215	5144	5.0
216	774	5.0
216	894	5.0
216	913	5.0
216	2087	1.0
216	2109	1.0
216	2271	5.0
216	3764	1.0
216	3856	5.0
216	3922	1.0
216	4038	5.0
217	1412	5.0
217	1441	1.0
217	1934	1.0
217	3764	1.0
217	4611	5.0
217	4613	5.0
217	5082	5.0
217	5144	5.0
217	5167	5.0
217	5237	1.0
218	670	5.0
218	1011	5.0
218	2151	5.0
218	2305	5.0
218	2404	1.0
218	3672	5.0
218	3764	1.0
218	4566	1.0
218	5082	5.0
218	5237	1.0
219	216	5.0
219	774	5.0
219	793	5.0
219	1655	5.0
219	2404	1.0
219	2672	5.0
219	3876	5.0
219	4043	5.0
219	5355	5.0
219	5392	5.0
220	693	5.0
220	967	5.0
220	1108	5.0
220	2344	1.0
220	2843	5.0
220	3860	5.0
220	4001	1.0
220	4376	1.0
220	4611	5.0
220	5082	5.0
221	670	5.0
221	1112	5.0
221	1545	1.0
221	1934	1.0
221	2569	5.0
221	3672	5.0
221	3718	1.0
221	3876	5.0
221	4613	5.0
221	5485	1.0
222	967	5.0
222	1031	1.0
222	1243	5.0
222	1769	5.0
222	2459	5.0
222	2976	5.0
222	3672	5.0
222	3830	5.0
222	5111	5.0
222	5392	5.0
223	230	1.0
223	774	5.0
223	1041	5.0
223	2087	1.0
223	2109	1.0
223	2271	5.0
223	3495	1.0
223	3814	1.0
223	3876	5.0
223	3926	5.0
224	686	5.0
224	886	5.0
224	1108	5.0
224	1243	5.0
224	1655	5.0
224	3495	1.0
224	4018	5.0
224	5256	5.0
224	5263	5.0
224	5392	5.0
225	686	5.0
225	693	5.0
225	2151	5.0
225	2866	5.0
225	3922	1.0
225	4048	5.0
225	4376	1.0
225	4603	1.0
225	4866	5.0
225	5167	5.0
226	686	5.0
226	772	5.0
226	1011	5.0
226	1108	5.0
226	2109	1.0
226	2151	5.0
226	2542	5.0
226	3985	5.0
226	4018	5.0
226	4038	5.0
227	670	5.0
227	760	5.0
227	1243	5.0
227	2305	5.0
227	2569	5.0
227	3588	1.0
227	3718	1.0
227	3876	5.0
227	4920	1.0
227	5355	5.0
228	686	5.0
228	847	1.0
228	2109	1.0
228	3860	5.0
228	4001	1.0
228	4270	5.0
228	4603	1.0
228	5256	5.0
228	5260	5.0
228	5485	1.0
229	2765	5.0
229	3562	1.0
229	3814	1.0
229	3924	1.0
229	3966	1.0
229	4603	1.0
229	5076	1.0
229	5111	5.0
229	5256	5.0
229	5260	5.0
230	913	5.0
230	1243	5.0
230	2542	5.0
230	2765	5.0
230	3145	5.0
230	3718	1.0
230	4603	1.0
230	4613	5.0
230	4894	5.0
230	5485	1.0
231	686	5.0
231	688	5.0
231	693	5.0
231	1412	5.0
231	2359	5.0
231	2459	5.0
231	3495	1.0
231	4048	5.0
231	4270	5.0
231	4962	5.0
232	230	1.0
232	847	1.0
232	967	5.0
232	1441	1.0
232	2358	5.0
232	3184	1.0
232	3562	1.0
232	3860	5.0
232	4018	5.0
232	5111	5.0
233	688	5.0
233	832	5.0
233	847	1.0
233	1412	5.0
233	2485	5.0
233	4038	5.0
233	4043	5.0
233	4270	5.0
233	5032	5.0
233	5355	5.0
234	847	1.0
234	1030	1.0
234	1328	5.0
234	1655	5.0
234	3672	5.0
234	3856	5.0
234	3922	1.0
234	4038	5.0
234	4208	5.0
234	5032	5.0
235	1041	5.0
235	1934	1.0
235	2359	5.0
235	2660	5.0
235	4208	5.0
235	4270	5.0
235	4942	5.0
235	4962	5.0
235	5076	1.0
235	5260	5.0
236	693	5.0
236	832	5.0
236	1841	5.0
236	1934	1.0
236	2009	1.0
236	3672	5.0
236	4001	1.0
236	4048	5.0
236	4611	5.0
236	5144	5.0
237	913	5.0
237	1934	1.0
237	3057	5.0
237	3184	1.0
237	3856	5.0
237	3860	5.0
237	3924	1.0
237	4048	5.0
237	4270	5.0
237	5355	5.0
238	221	1.0
238	772	5.0
238	1545	1.0
238	2305	5.0
238	2359	5.0
238	3860	5.0
238	3876	5.0
238	4611	5.0
238	4894	5.0
238	5032	5.0
239	760	5.0
239	886	5.0
239	1142	5.0
239	1545	1.0
239	2263	5.0
239	2404	1.0
239	3011	5.0
239	3495	1.0
239	3562	1.0
239	3814	1.0
240	693	5.0
240	967	5.0
240	1243	5.0
240	1373	1.0
240	2009	1.0
240	2866	5.0
240	3672	5.0
240	3814	1.0
240	4001	1.0
240	5237	1.0
241	1142	5.0
241	1186	1.0
241	1655	5.0
241	2374	5.0
241	3588	1.0
241	4043	5.0
241	4048	5.0
241	5032	5.0
241	5144	5.0
241	5237	1.0
242	832	5.0
242	913	5.0
242	1441	1.0
242	2404	1.0
242	2459	5.0
242	2569	5.0
242	3011	5.0
242	3184	1.0
242	3718	1.0
242	5260	5.0
243	688	5.0
243	2087	1.0
243	2305	5.0
243	2660	5.0
243	3876	5.0
243	4043	5.0
243	4270	5.0
243	4566	1.0
243	4603	1.0
243	5392	5.0
244	693	5.0
244	793	5.0
244	886	5.0
244	1112	5.0
244	2374	5.0
244	2542	5.0
244	4042	1.0
244	4969	5.0
244	5260	5.0
244	5392	5.0
245	688	5.0
245	793	5.0
245	1769	5.0
245	2459	5.0
245	2542	5.0
245	2976	5.0
245	3718	1.0
245	3922	1.0
245	4595	5.0
245	5082	5.0
246	1011	5.0
246	1041	5.0
246	1934	1.0
246	2263	5.0
246	3074	5.0
246	3562	1.0
246	4001	1.0
246	4018	5.0
246	4048	5.0
246	4595	5.0
247	670	5.0
247	1186	1.0
247	2358	5.0
247	2542	5.0
247	2660	5.0
247	2765	5.0
247	4595	5.0
247	4942	5.0
247	5076	1.0
247	5237	1.0
248	221	1.0
248	760	5.0
248	832	5.0
248	1545	1.0
248	1866	1.0
248	2009	1.0
248	2404	1.0
248	2485	5.0
248	5144	5.0
248	5237	1.0
249	688	5.0
249	760	5.0
249	1116	5.0
249	1255	5.0
249	2151	5.0
249	3057	5.0
249	3764	1.0
249	3926	5.0
249	4969	5.0
249	5260	5.0
250	230	1.0
250	686	5.0
250	693	5.0
250	774	5.0
250	1328	5.0
250	2485	5.0
250	2627	1.0
250	2660	5.0
250	3057	5.0
250	4962	5.0
251	670	5.0
251	688	5.0
251	832	5.0
251	1116	5.0
251	2009	1.0
251	3562	1.0
251	3856	5.0
251	4566	1.0
251	4611	5.0
251	4962	5.0
252	230	1.0
252	1011	5.0
252	2627	1.0
252	3562	1.0
252	3672	5.0
252	4048	5.0
252	4347	1.0
252	4566	1.0
252	4962	5.0
252	5256	5.0
253	1108	5.0
253	1142	5.0
253	1545	1.0
253	1934	1.0
253	2305	5.0
253	2358	5.0
253	3924	1.0
253	4048	5.0
253	4613	5.0
253	4866	5.0
254	221	1.0
254	1328	5.0
254	1441	1.0
254	2305	5.0
254	2344	1.0
254	2358	5.0
254	3562	1.0
254	3926	5.0
254	4043	5.0
254	4603	1.0
255	686	5.0
255	832	5.0
255	1116	5.0
255	1243	5.0
255	1255	5.0
255	3089	5.0
255	4866	5.0
255	5032	5.0
255	5111	5.0
255	5260	5.0
256	772	5.0
256	1030	1.0
256	1255	5.0
256	1373	1.0
256	1769	5.0
256	2263	5.0
256	2359	5.0
256	2976	5.0
256	3860	5.0
256	4208	5.0
257	670	5.0
257	693	5.0
257	1545	1.0
257	1769	5.0
257	2765	5.0
257	3495	1.0
257	3814	1.0
257	4566	1.0
257	5167	5.0
257	5485	1.0
258	688	5.0
258	760	5.0
258	2305	5.0
258	4043	5.0
258	4048	5.0
258	4347	1.0
258	4866	5.0
258	5111	5.0
258	5256	5.0
258	5392	5.0
259	793	5.0
259	1112	5.0
259	1142	5.0
259	2459	5.0
259	2672	5.0
259	4038	5.0
259	4042	1.0
259	4603	1.0
259	4969	5.0
259	5260	5.0
260	913	5.0
260	1031	1.0
260	2359	5.0
260	2459	5.0
260	3145	5.0
260	3764	1.0
260	3966	1.0
260	4347	1.0
260	5076	1.0
260	5355	5.0
261	686	5.0
261	1112	5.0
261	1186	1.0
261	1441	1.0
261	1866	1.0
261	3764	1.0
261	4042	1.0
261	4347	1.0
261	4603	1.0
261	5144	5.0
262	760	5.0
262	832	5.0
262	913	5.0
262	1545	1.0
262	2271	5.0
262	2359	5.0
262	2627	1.0
262	2765	5.0
262	3764	1.0
262	5392	5.0
263	230	1.0
263	894	5.0
263	1655	5.0
263	2344	1.0
263	2672	5.0
263	3495	1.0
263	4042	1.0
263	4595	5.0
263	4613	5.0
263	5263	5.0
264	216	5.0
264	793	5.0
264	1769	5.0
264	2459	5.0
264	3926	5.0
264	3966	1.0
264	4603	1.0
264	5032	5.0
264	5082	5.0
264	5140	5.0
265	670	5.0
265	1041	5.0
265	2287	5.0
265	2765	5.0
265	3562	1.0
265	3924	1.0
265	4018	5.0
265	4920	1.0
265	5237	1.0
265	5263	5.0
266	693	5.0
266	793	5.0
266	1412	5.0
266	2287	5.0
266	3074	5.0
266	4376	1.0
266	4613	5.0
266	4969	5.0
266	5237	1.0
266	5485	1.0
267	688	5.0
267	832	5.0
267	2151	5.0
267	2765	5.0
267	2843	5.0
267	2866	5.0
267	3922	1.0
267	4038	5.0
267	4566	1.0
267	5140	5.0
268	772	5.0
268	1031	1.0
268	1112	5.0
268	1328	5.0
268	2358	5.0
268	2660	5.0
268	3495	1.0
268	3860	5.0
268	4566	1.0
268	5256	5.0
269	688	5.0
269	1011	5.0
269	1441	1.0
269	2305	5.0
269	2843	5.0
269	3057	5.0
269	4001	1.0
269	4866	5.0
269	4969	5.0
269	5263	5.0
270	230	1.0
270	894	5.0
270	1030	1.0
270	1441	1.0
270	3562	1.0
270	3764	1.0
270	3924	1.0
270	4920	1.0
270	5082	5.0
270	5263	5.0
271	670	5.0
271	793	5.0
271	1255	5.0
271	1412	5.0
271	2866	5.0
271	3184	1.0
271	4038	5.0
271	4894	5.0
271	4942	5.0
271	5260	5.0
272	221	1.0
272	847	1.0
272	913	5.0
272	1412	5.0
272	1441	1.0
272	1866	1.0
272	2358	5.0
272	3495	1.0
272	3814	1.0
272	3924	1.0
273	686	5.0
273	1031	1.0
273	1243	5.0
273	1255	5.0
273	2358	5.0
273	2542	5.0
273	3011	5.0
273	3985	5.0
273	5256	5.0
273	5355	5.0
274	774	5.0
274	2151	5.0
274	3562	1.0
274	3672	5.0
274	3718	1.0
274	3966	1.0
274	4566	1.0
274	4595	5.0
274	4920	1.0
274	5140	5.0
275	1769	5.0
275	1841	5.0
275	2263	5.0
275	2404	1.0
275	2485	5.0
275	3672	5.0
275	3926	5.0
275	4603	1.0
275	4969	5.0
275	5263	5.0
276	1011	5.0
276	2359	5.0
276	2627	1.0
276	2866	5.0
276	3011	5.0
276	3672	5.0
276	3718	1.0
276	4347	1.0
276	5032	5.0
276	5392	5.0
277	221	1.0
277	686	5.0
277	688	5.0
277	1412	5.0
277	1441	1.0
277	1545	1.0
277	2374	5.0
277	3924	1.0
277	4603	1.0
277	5144	5.0
278	832	5.0
278	894	5.0
278	1142	5.0
278	1655	5.0
278	1866	1.0
278	1934	1.0
278	2765	5.0
278	4613	5.0
278	5260	5.0
278	5485	1.0
279	793	5.0
279	847	1.0
279	967	5.0
279	1769	5.0
279	2271	5.0
279	2542	5.0
279	2843	5.0
279	4376	1.0
279	5140	5.0
279	5256	5.0
280	221	1.0
280	1328	5.0
280	1412	5.0
280	1545	1.0
280	1934	1.0
280	2569	5.0
280	3089	5.0
280	3588	1.0
280	4042	1.0
280	4376	1.0
281	1142	5.0
281	2358	5.0
281	2660	5.0
281	2672	5.0
281	2765	5.0
281	3011	5.0
281	3764	1.0
281	3860	5.0
281	3876	5.0
281	3924	1.0
282	693	5.0
282	1112	5.0
282	1243	5.0
282	2542	5.0
282	3718	1.0
282	3814	1.0
282	3860	5.0
282	4038	5.0
282	5167	5.0
282	5263	5.0
283	847	1.0
283	1373	1.0
283	2374	5.0
283	2569	5.0
283	2765	5.0
283	3145	5.0
283	3985	5.0
283	4270	5.0
283	4376	1.0
283	4962	5.0
284	693	5.0
284	1441	1.0
284	2358	5.0
284	2660	5.0
284	2843	5.0
284	3718	1.0
284	3860	5.0
284	5076	1.0
284	5140	5.0
284	5144	5.0
285	772	5.0
285	2287	5.0
285	2305	5.0
285	2866	5.0
285	3924	1.0
285	3985	5.0
285	4208	5.0
285	4611	5.0
285	4942	5.0
285	5167	5.0
286	688	5.0
286	1030	1.0
286	1031	1.0
286	1328	5.0
286	1841	5.0
286	1866	1.0
286	2359	5.0
286	4001	1.0
286	4566	1.0
286	4942	5.0
287	774	5.0
287	1108	5.0
287	1116	5.0
287	1373	1.0
287	1412	5.0
287	2344	1.0
287	3672	5.0
287	3764	1.0
287	4270	5.0
287	4603	1.0
288	216	5.0
288	230	1.0
288	1031	1.0
288	3926	5.0
288	4043	5.0
288	4208	5.0
288	4613	5.0
288	4969	5.0
288	5032	5.0
288	5167	5.0
289	894	5.0
289	2151	5.0
289	2672	5.0
289	3011	5.0
289	3089	5.0
289	3672	5.0
289	3764	1.0
289	4048	5.0
289	5111	5.0
289	5144	5.0
290	230	1.0
290	1041	5.0
290	1186	1.0
290	1328	5.0
290	1373	1.0
290	2305	5.0
290	2374	5.0
290	2485	5.0
290	4048	5.0
290	5144	5.0
291	670	5.0
291	760	5.0
291	1108	5.0
291	1255	5.0
291	2404	1.0
291	3145	5.0
291	3860	5.0
291	4038	5.0
291	5237	1.0
291	5485	1.0
292	216	5.0
292	693	5.0
292	1041	5.0
292	1328	5.0
292	1373	1.0
292	2358	5.0
292	2843	5.0
292	4611	5.0
292	5355	5.0
292	5392	5.0
293	1255	5.0
293	1934	1.0
293	2263	5.0
293	2359	5.0
293	2404	1.0
293	3562	1.0
293	3830	5.0
293	4866	5.0
293	4942	5.0
293	5032	5.0
294	774	5.0
294	1011	5.0
294	1655	5.0
294	1841	5.0
294	2087	1.0
294	3860	5.0
294	3922	1.0
294	4048	5.0
294	4347	1.0
294	4613	5.0
295	216	5.0
295	886	5.0
295	1041	5.0
295	1108	5.0
295	1412	5.0
295	2374	5.0
295	2660	5.0
295	3926	5.0
295	4048	5.0
295	4566	1.0
296	230	1.0
296	1186	1.0
296	1545	1.0
296	2271	5.0
296	2305	5.0
296	2358	5.0
296	2569	5.0
296	3074	5.0
296	3184	1.0
296	5260	5.0
297	1030	1.0
297	2263	5.0
297	2569	5.0
297	2843	5.0
297	3922	1.0
297	4042	1.0
297	4208	5.0
297	4595	5.0
297	4611	5.0
297	5140	5.0
298	1373	1.0
298	2087	1.0
298	2542	5.0
298	3495	1.0
298	4043	5.0
298	4866	5.0
298	4969	5.0
298	5006	5.0
298	5076	1.0
298	5256	5.0
299	221	1.0
299	670	5.0
299	1030	1.0
299	2765	5.0
299	3495	1.0
299	3718	1.0
299	3764	1.0
299	4001	1.0
299	4894	5.0
299	5485	1.0
300	221	1.0
300	230	1.0
300	1655	5.0
300	2672	5.0
300	2866	5.0
300	3089	5.0
300	3966	1.0
300	4270	5.0
300	4603	1.0
300	5082	5.0
301	216	5.0
301	760	5.0
301	1112	5.0
301	1441	1.0
301	2542	5.0
301	2843	5.0
301	3764	1.0
301	3922	1.0
301	3926	5.0
301	4962	5.0
302	1412	5.0
302	1934	1.0
302	3057	5.0
302	3876	5.0
302	3926	5.0
302	4942	5.0
302	4962	5.0
302	5263	5.0
302	5355	5.0
302	5392	5.0
303	216	5.0
303	760	5.0
303	847	1.0
303	1030	1.0
303	2087	1.0
303	2459	5.0
303	4042	1.0
303	4603	1.0
303	5140	5.0
303	5144	5.0
304	693	5.0
304	772	5.0
304	886	5.0
304	967	5.0
304	1108	5.0
304	1112	5.0
304	1186	1.0
304	2627	1.0
304	4347	1.0
304	5076	1.0
305	686	5.0
305	1030	1.0
305	1031	1.0
305	1112	5.0
305	1412	5.0
305	2358	5.0
305	2359	5.0
305	2976	5.0
305	3588	1.0
305	5144	5.0
306	688	5.0
306	693	5.0
306	793	5.0
306	1328	5.0
306	2263	5.0
306	2976	5.0
306	3057	5.0
306	3814	1.0
306	4048	5.0
306	5256	5.0
307	774	5.0
307	913	5.0
307	1041	5.0
307	2087	1.0
307	2305	5.0
307	2344	1.0
307	2542	5.0
307	3562	1.0
307	3924	1.0
307	4894	5.0
308	1041	5.0
308	1841	5.0
308	2009	1.0
308	2087	1.0
308	2542	5.0
308	3011	5.0
308	3562	1.0
308	3860	5.0
308	3922	1.0
308	5260	5.0
309	686	5.0
309	688	5.0
309	760	5.0
309	793	5.0
309	2151	5.0
309	2459	5.0
309	2672	5.0
309	3057	5.0
309	4376	1.0
309	5392	5.0
310	1011	5.0
310	1328	5.0
310	1655	5.0
310	2374	5.0
310	2569	5.0
310	3089	5.0
310	4376	1.0
310	4613	5.0
310	5260	5.0
310	5355	5.0
311	230	1.0
311	686	5.0
311	1186	1.0
311	1412	5.0
311	2404	1.0
311	3924	1.0
311	3926	5.0
311	4038	5.0
311	4376	1.0
311	5260	5.0
312	688	5.0
312	774	5.0
312	967	5.0
312	1328	5.0
312	2843	5.0
312	3764	1.0
312	3926	5.0
312	3966	1.0
312	5140	5.0
312	5485	1.0
313	832	5.0
313	1116	5.0
313	1255	5.0
313	1441	1.0
313	1655	5.0
313	2358	5.0
313	2359	5.0
313	3830	5.0
313	4866	5.0
313	5485	1.0
314	693	5.0
314	2271	5.0
314	2305	5.0
314	3562	1.0
314	4001	1.0
314	4043	5.0
314	4048	5.0
314	4613	5.0
314	4866	5.0
314	5144	5.0
315	774	5.0
315	894	5.0
315	1373	1.0
315	1545	1.0
315	2866	5.0
315	3011	5.0
315	4043	5.0
315	4603	1.0
315	4613	5.0
315	4942	5.0
316	760	5.0
316	1441	1.0
316	2359	5.0
316	3830	5.0
316	3922	1.0
316	3985	5.0
316	4042	1.0
316	5144	5.0
316	5237	1.0
316	5392	5.0
317	1108	5.0
317	1186	1.0
317	2358	5.0
317	2569	5.0
317	3718	1.0
317	3926	5.0
317	4270	5.0
317	4920	1.0
317	4962	5.0
317	5263	5.0
318	832	5.0
318	967	5.0
318	1031	1.0
318	1441	1.0
318	1655	5.0
318	2151	5.0
318	4270	5.0
318	4613	5.0
318	4866	5.0
318	5263	5.0
319	760	5.0
319	967	5.0
319	1373	1.0
319	1655	5.0
319	1934	1.0
319	3814	1.0
319	3922	1.0
319	3924	1.0
319	4566	1.0
319	5263	5.0
320	688	5.0
320	913	5.0
320	1841	5.0
320	2344	1.0
320	2627	1.0
320	3057	5.0
320	3074	5.0
320	4866	5.0
320	5032	5.0
320	5355	5.0
321	693	5.0
321	774	5.0
321	847	1.0
321	1142	5.0
321	1934	1.0
321	2374	5.0
321	2765	5.0
321	3011	5.0
321	3145	5.0
321	5256	5.0
322	886	5.0
322	1866	1.0
322	1934	1.0
322	2271	5.0
322	2542	5.0
322	2627	1.0
322	2866	5.0
322	3145	5.0
322	3814	1.0
322	5111	5.0
323	221	1.0
323	1112	5.0
323	1769	5.0
323	2109	1.0
323	2359	5.0
323	2485	5.0
323	4866	5.0
323	4942	5.0
323	5140	5.0
323	5237	1.0
324	760	5.0
324	772	5.0
324	2109	1.0
324	2151	5.0
324	3814	1.0
324	3860	5.0
324	4208	5.0
324	4920	1.0
324	5256	5.0
324	5485	1.0
325	1412	5.0
325	2404	1.0
325	2485	5.0
325	2660	5.0
325	2866	5.0
325	3860	5.0
325	4347	1.0
325	4376	1.0
325	5144	5.0
325	5263	5.0
326	1041	5.0
326	1112	5.0
326	1142	5.0
326	1545	1.0
326	1769	5.0
326	2109	1.0
326	2843	5.0
326	3074	5.0
326	4611	5.0
326	4962	5.0
327	1373	1.0
327	1441	1.0
327	1841	5.0
327	1866	1.0
327	3089	5.0
327	3495	1.0
327	3856	5.0
327	4208	5.0
327	4920	1.0
327	5485	1.0
328	693	5.0
328	760	5.0
328	774	5.0
328	1373	1.0
328	2009	1.0
328	3184	1.0
328	3926	5.0
328	4043	5.0
328	4613	5.0
328	5355	5.0
329	216	5.0
329	1112	5.0
329	1545	1.0
329	2660	5.0
329	2765	5.0
329	3672	5.0
329	3718	1.0
329	4018	5.0
329	5111	5.0
329	5237	1.0
330	774	5.0
330	793	5.0
330	1328	5.0
330	1412	5.0
330	1441	1.0
330	2542	5.0
330	2672	5.0
330	3764	1.0
330	4920	1.0
330	5256	5.0
331	793	5.0
331	967	5.0
331	1255	5.0
331	1412	5.0
331	2569	5.0
331	2976	5.0
331	3057	5.0
331	4208	5.0
331	4376	1.0
331	5485	1.0
332	913	5.0
332	967	5.0
332	1116	5.0
332	1441	1.0
332	2151	5.0
332	2271	5.0
332	2459	5.0
332	3145	5.0
332	4048	5.0
332	5140	5.0
333	693	5.0
333	1041	5.0
333	1866	1.0
333	3011	5.0
333	3074	5.0
333	3926	5.0
333	4018	5.0
333	5082	5.0
333	5263	5.0
333	5485	1.0
334	832	5.0
334	1011	5.0
334	2485	5.0
334	2627	1.0
334	3074	5.0
334	3089	5.0
334	4376	1.0
334	4566	1.0
334	5111	5.0
334	5485	1.0
335	216	5.0
335	221	1.0
335	2344	1.0
335	3184	1.0
335	3856	5.0
335	4613	5.0
335	5006	5.0
335	5167	5.0
335	5256	5.0
335	5392	5.0
336	1031	1.0
336	1186	1.0
336	1441	1.0
336	2151	5.0
336	2359	5.0
336	2569	5.0
336	2672	5.0
336	3718	1.0
336	4043	5.0
336	4611	5.0
337	774	5.0
337	913	5.0
337	1031	1.0
337	1108	5.0
337	1112	5.0
337	1243	5.0
337	2627	1.0
337	4001	1.0
337	4595	5.0
337	5167	5.0
338	760	5.0
338	1186	1.0
338	2263	5.0
338	2404	1.0
338	2542	5.0
338	2765	5.0
338	3856	5.0
338	4038	5.0
338	4347	1.0
338	5237	1.0
339	221	1.0
339	760	5.0
339	774	5.0
339	793	5.0
339	1866	1.0
339	2305	5.0
339	2627	1.0
339	2672	5.0
339	4038	5.0
339	5006	5.0
340	1108	5.0
340	1412	5.0
340	1441	1.0
340	3588	1.0
340	3814	1.0
340	3830	5.0
340	4347	1.0
340	4866	5.0
340	5032	5.0
340	5144	5.0
341	686	5.0
341	894	5.0
341	913	5.0
341	1031	1.0
341	1116	5.0
341	1545	1.0
341	2404	1.0
341	3814	1.0
341	3876	5.0
341	5076	1.0
342	221	1.0
342	230	1.0
342	772	5.0
342	1412	5.0
342	1934	1.0
342	2627	1.0
342	3856	5.0
342	3966	1.0
342	4038	5.0
342	4603	1.0
343	1186	1.0
343	1373	1.0
343	2271	5.0
343	2569	5.0
343	3011	5.0
343	3860	5.0
343	4042	1.0
343	4942	5.0
343	5006	5.0
343	5111	5.0
344	760	5.0
344	847	1.0
344	1011	5.0
344	1545	1.0
344	2109	1.0
344	2765	5.0
344	3985	5.0
344	4566	1.0
344	5140	5.0
344	5392	5.0
345	221	1.0
345	2305	5.0
345	2358	5.0
345	2660	5.0
345	2866	5.0
345	3856	5.0
345	3860	5.0
345	4595	5.0
345	4866	5.0
345	5032	5.0
346	886	5.0
346	913	5.0
346	1011	5.0
346	1116	5.0
346	1142	5.0
346	1373	1.0
346	2263	5.0
346	3860	5.0
346	5167	5.0
346	5256	5.0
347	693	5.0
347	760	5.0
347	886	5.0
347	1108	5.0
347	1186	1.0
347	1769	5.0
347	2109	1.0
347	2287	5.0
347	4613	5.0
347	5260	5.0
348	670	5.0
348	693	5.0
348	967	5.0
348	1031	1.0
348	2374	5.0
348	2485	5.0
348	3057	5.0
348	3860	5.0
348	4347	1.0
348	5144	5.0
349	760	5.0
349	1186	1.0
349	1545	1.0
349	1934	1.0
349	2151	5.0
349	2843	5.0
349	2976	5.0
349	3830	5.0
349	3985	5.0
349	4595	5.0
350	913	5.0
350	1011	5.0
350	1186	1.0
350	1255	5.0
350	2344	1.0
350	2358	5.0
350	3876	5.0
350	3926	5.0
350	4001	1.0
350	4611	5.0
351	686	5.0
351	1108	5.0
351	2660	5.0
351	2672	5.0
351	2843	5.0
351	3057	5.0
351	3926	5.0
351	4048	5.0
351	4866	5.0
351	4920	1.0
352	760	5.0
352	772	5.0
352	913	5.0
352	2271	5.0
352	2404	1.0
352	3057	5.0
352	4208	5.0
352	5140	5.0
352	5144	5.0
352	5237	1.0
353	832	5.0
353	894	5.0
353	967	5.0
353	1373	1.0
353	2009	1.0
353	3011	5.0
353	3830	5.0
353	4001	1.0
353	4376	1.0
353	5032	5.0
354	793	5.0
354	1441	1.0
354	2627	1.0
354	3830	5.0
354	4042	1.0
354	4866	5.0
354	4894	5.0
354	5076	1.0
354	5260	5.0
354	5355	5.0
355	693	5.0
355	1041	5.0
355	2271	5.0
355	2374	5.0
355	2485	5.0
355	2627	1.0
355	3057	5.0
355	3985	5.0
355	4894	5.0
355	5256	5.0
356	847	1.0
356	1373	1.0
356	2263	5.0
356	2287	5.0
356	2569	5.0
356	3057	5.0
356	3089	5.0
356	5006	5.0
356	5256	5.0
356	5485	1.0
357	774	5.0
357	1031	1.0
357	2087	1.0
357	2374	5.0
357	2404	1.0
357	3672	5.0
357	3814	1.0
357	4043	5.0
357	4894	5.0
357	4942	5.0
358	760	5.0
358	1866	1.0
358	1934	1.0
358	4018	5.0
358	4043	5.0
358	4603	1.0
358	4611	5.0
358	4866	5.0
358	5167	5.0
358	5485	1.0
359	216	5.0
359	688	5.0
359	2358	5.0
359	2765	5.0
359	3764	1.0
359	3830	5.0
359	4018	5.0
359	4038	5.0
359	5006	5.0
359	5140	5.0
360	216	5.0
360	1108	5.0
360	1142	5.0
360	1412	5.0
360	1769	5.0
360	1934	1.0
360	2109	1.0
360	2542	5.0
360	5167	5.0
360	5260	5.0
361	774	5.0
361	1934	1.0
361	2976	5.0
361	3856	5.0
361	4042	1.0
361	4566	1.0
361	4920	1.0
361	4969	5.0
361	5140	5.0
361	5256	5.0
362	1112	5.0
362	1545	1.0
362	2459	5.0
362	2660	5.0
362	2843	5.0
362	3089	5.0
362	3985	5.0
362	4566	1.0
362	5237	1.0
362	5392	5.0
363	913	5.0
363	1841	5.0
363	2009	1.0
363	2263	5.0
363	2271	5.0
363	2305	5.0
363	3184	1.0
363	3926	5.0
363	4001	1.0
363	5392	5.0
364	774	5.0
364	1041	5.0
364	2374	5.0
364	2672	5.0
364	3074	5.0
364	3672	5.0
364	3876	5.0
364	4001	1.0
364	5082	5.0
364	5140	5.0
365	688	5.0
365	2305	5.0
365	2359	5.0
365	2672	5.0
365	3074	5.0
365	3089	5.0
365	3184	1.0
365	3495	1.0
365	4595	5.0
365	4962	5.0
366	216	5.0
366	847	1.0
366	1186	1.0
366	1655	5.0
366	2151	5.0
366	3830	5.0
366	3876	5.0
366	4347	1.0
366	5140	5.0
366	5392	5.0
367	760	5.0
367	894	5.0
367	913	5.0
367	1373	1.0
367	3184	1.0
367	3876	5.0
367	4018	5.0
367	4208	5.0
367	5167	5.0
367	5260	5.0
368	216	5.0
368	686	5.0
368	1011	5.0
368	2151	5.0
368	2459	5.0
368	3588	1.0
368	4866	5.0
368	5076	1.0
368	5111	5.0
368	5140	5.0
369	221	1.0
369	1031	1.0
369	1186	1.0
369	1328	5.0
369	2287	5.0
369	2485	5.0
369	2660	5.0
369	3562	1.0
369	5076	1.0
369	5144	5.0
370	913	5.0
370	967	5.0
370	1112	5.0
370	2009	1.0
370	2569	5.0
370	2866	5.0
370	3145	5.0
370	4001	1.0
370	4042	1.0
370	4611	5.0
371	216	5.0
371	886	5.0
371	894	5.0
371	2843	5.0
371	3860	5.0
371	4347	1.0
371	4920	1.0
371	4962	5.0
371	5076	1.0
371	5485	1.0
372	774	5.0
372	847	1.0
372	2263	5.0
372	2569	5.0
372	2843	5.0
372	3764	1.0
372	4018	5.0
372	4962	5.0
372	5032	5.0
372	5140	5.0
373	886	5.0
373	1011	5.0
373	1031	1.0
373	1041	5.0
373	1108	5.0
373	1142	5.0
373	3966	1.0
373	3985	5.0
373	4347	1.0
373	5032	5.0
374	686	5.0
374	688	5.0
374	760	5.0
374	1655	5.0
374	2485	5.0
374	3926	5.0
374	4613	5.0
374	5032	5.0
374	5082	5.0
374	5485	1.0
375	832	5.0
375	967	5.0
375	1255	5.0
375	2866	5.0
375	3184	1.0
375	3588	1.0
375	4018	5.0
375	4208	5.0
375	4270	5.0
375	5485	1.0
376	1116	5.0
376	1866	1.0
376	2404	1.0
376	2627	1.0
376	2976	5.0
376	4042	1.0
376	4595	5.0
376	4603	1.0
376	4920	1.0
376	5260	5.0
377	913	5.0
377	1011	5.0
377	1545	1.0
377	2263	5.0
377	2359	5.0
377	3562	1.0
377	3924	1.0
377	4018	5.0
377	4962	5.0
377	5355	5.0
378	688	5.0
378	832	5.0
378	1412	5.0
378	2305	5.0
378	2627	1.0
378	3011	5.0
378	3562	1.0
378	3588	1.0
378	4001	1.0
378	5140	5.0
379	688	5.0
379	693	5.0
379	1116	5.0
379	2263	5.0
379	2404	1.0
379	3184	1.0
379	3860	5.0
379	3926	5.0
379	4942	5.0
379	5392	5.0
380	894	5.0
380	1112	5.0
380	1769	5.0
380	2287	5.0
380	2569	5.0
380	3922	1.0
380	4595	5.0
380	4866	5.0
380	4894	5.0
380	5392	5.0
381	221	1.0
381	1030	1.0
381	1441	1.0
381	1545	1.0
381	2087	1.0
381	2374	5.0
381	2542	5.0
381	3074	5.0
381	3856	5.0
381	4048	5.0
382	894	5.0
382	1108	5.0
382	1255	5.0
382	2287	5.0
382	2459	5.0
382	3057	5.0
382	3922	1.0
382	4603	1.0
382	5167	5.0
382	5392	5.0
383	886	5.0
383	2404	1.0
383	2459	5.0
383	2976	5.0
383	3057	5.0
383	3856	5.0
383	3924	1.0
383	4611	5.0
383	5392	5.0
383	5485	1.0
384	774	5.0
384	1041	5.0
384	1243	5.0
384	2359	5.0
384	2459	5.0
384	2765	5.0
384	2843	5.0
384	4270	5.0
384	4920	1.0
384	5237	1.0
385	216	5.0
385	670	5.0
385	967	5.0
385	1031	1.0
385	1655	5.0
385	2271	5.0
385	3089	5.0
385	3856	5.0
385	5260	5.0
385	5392	5.0
386	774	5.0
386	2866	5.0
386	3089	5.0
386	3876	5.0
386	3922	1.0
386	4018	5.0
386	4962	5.0
386	5167	5.0
386	5260	5.0
386	5485	1.0
387	221	1.0
387	2151	5.0
387	2976	5.0
387	3562	1.0
387	3672	5.0
387	3814	1.0
387	3924	1.0
387	4043	5.0
387	4866	5.0
387	5392	5.0
388	216	5.0
388	1116	5.0
388	1255	5.0
388	1328	5.0
388	2271	5.0
388	2358	5.0
388	2542	5.0
388	3074	5.0
388	4018	5.0
388	4208	5.0
389	1116	5.0
389	2087	1.0
389	2765	5.0
389	3074	5.0
389	3145	5.0
389	3924	1.0
389	3926	5.0
389	4043	5.0
389	4595	5.0
389	5140	5.0
390	894	5.0
390	1841	5.0
390	2009	1.0
390	2109	1.0
390	2672	5.0
390	3860	5.0
390	3985	5.0
390	5111	5.0
390	5167	5.0
390	5355	5.0
391	216	5.0
391	1108	5.0
391	1373	1.0
391	1769	5.0
391	2359	5.0
391	3011	5.0
391	3588	1.0
391	4894	5.0
391	5006	5.0
391	5263	5.0
392	688	5.0
392	774	5.0
392	1243	5.0
392	1841	5.0
392	2087	1.0
392	2542	5.0
392	3089	5.0
392	3966	1.0
392	4595	5.0
392	5032	5.0
393	760	5.0
393	886	5.0
393	1412	5.0
393	1545	1.0
393	1655	5.0
393	1934	1.0
393	3830	5.0
393	3860	5.0
393	3922	1.0
393	5237	1.0
394	688	5.0
394	772	5.0
394	1011	5.0
394	2374	5.0
394	2660	5.0
394	2976	5.0
394	3089	5.0
394	3856	5.0
394	4270	5.0
394	4566	1.0
395	760	5.0
395	1545	1.0
395	2359	5.0
395	2660	5.0
395	2672	5.0
395	3089	5.0
395	4048	5.0
395	4270	5.0
395	5237	1.0
395	5392	5.0
396	686	5.0
396	760	5.0
396	1108	5.0
396	1328	5.0
396	1769	5.0
396	2287	5.0
396	2459	5.0
396	4613	5.0
396	4969	5.0
396	5140	5.0
397	772	5.0
397	1116	5.0
397	1934	1.0
397	2271	5.0
397	2765	5.0
397	3011	5.0
397	3089	5.0
397	4613	5.0
397	4920	1.0
397	5355	5.0
398	886	5.0
398	1011	5.0
398	1041	5.0
398	1655	5.0
398	1841	5.0
398	2358	5.0
398	2359	5.0
398	3814	1.0
398	3926	5.0
398	4001	1.0
399	221	1.0
399	832	5.0
399	1142	5.0
399	1186	1.0
399	1934	1.0
399	2569	5.0
399	3145	5.0
399	4038	5.0
399	4894	5.0
399	5140	5.0
400	793	5.0
400	2305	5.0
400	2459	5.0
400	2672	5.0
400	3184	1.0
400	3764	1.0
400	4611	5.0
400	4894	5.0
400	4962	5.0
400	5263	5.0
401	793	5.0
401	1011	5.0
401	1031	1.0
401	2485	5.0
401	3011	5.0
401	3830	5.0
401	3926	5.0
401	4566	1.0
401	4969	5.0
401	5355	5.0
402	670	5.0
402	686	5.0
402	913	5.0
402	1186	1.0
402	3011	5.0
402	3074	5.0
402	3876	5.0
402	4613	5.0
402	5006	5.0
402	5032	5.0
403	221	1.0
403	686	5.0
403	760	5.0
403	847	1.0
403	1255	5.0
403	2404	1.0
403	3495	1.0
403	3718	1.0
403	3764	1.0
403	5144	5.0
404	216	5.0
404	1373	1.0
404	2569	5.0
404	3814	1.0
404	3876	5.0
404	3966	1.0
404	4043	5.0
404	5082	5.0
404	5392	5.0
404	5485	1.0
405	1328	5.0
405	1655	5.0
405	1866	1.0
405	2151	5.0
405	2404	1.0
405	2660	5.0
405	2866	5.0
405	3089	5.0
405	4603	1.0
405	5076	1.0
406	1545	1.0
406	1655	5.0
406	2109	1.0
406	2485	5.0
406	3562	1.0
406	3860	5.0
406	3966	1.0
406	4038	5.0
406	4270	5.0
406	4347	1.0
407	1030	1.0
407	1041	5.0
407	1373	1.0
407	2305	5.0
407	2359	5.0
407	2660	5.0
407	2843	5.0
407	3672	5.0
407	3966	1.0
407	5006	5.0
408	216	5.0
408	913	5.0
408	1031	1.0
408	1108	5.0
408	3562	1.0
408	3672	5.0
408	3922	1.0
408	3924	1.0
408	3985	5.0
408	4969	5.0
409	967	5.0
409	1373	1.0
409	2009	1.0
409	2109	1.0
409	2359	5.0
409	4038	5.0
409	4270	5.0
409	5032	5.0
409	5355	5.0
409	5392	5.0
410	760	5.0
410	894	5.0
410	913	5.0
410	1030	1.0
410	1116	5.0
410	2404	1.0
410	3011	5.0
410	4038	5.0
410	4894	5.0
410	5111	5.0
411	913	5.0
411	1328	5.0
411	2627	1.0
411	2843	5.0
411	3145	5.0
411	3495	1.0
411	3764	1.0
411	3876	5.0
411	4611	5.0
411	5355	5.0
412	688	5.0
412	1255	5.0
412	1328	5.0
412	1441	1.0
412	2087	1.0
412	2287	5.0
412	2459	5.0
412	3011	5.0
412	4866	5.0
412	4942	5.0
413	230	1.0
413	688	5.0
413	774	5.0
413	1934	1.0
413	2672	5.0
413	2866	5.0
413	3672	5.0
413	3876	5.0
413	4042	1.0
413	5260	5.0
414	793	5.0
414	1030	1.0
414	1655	5.0
414	2404	1.0
414	3184	1.0
414	3588	1.0
414	4347	1.0
414	4595	5.0
414	4603	1.0
414	5392	5.0
415	886	5.0
415	1186	1.0
415	2087	1.0
415	2358	5.0
415	2976	5.0
415	3966	1.0
415	4043	5.0
415	4894	5.0
415	5263	5.0
415	5485	1.0
416	216	5.0
416	1841	5.0
416	2151	5.0
416	3057	5.0
416	3074	5.0
416	3672	5.0
416	3718	1.0
416	3830	5.0
416	3860	5.0
416	5082	5.0
417	1441	1.0
417	2344	1.0
417	2459	5.0
417	2843	5.0
417	3495	1.0
417	3922	1.0
417	4866	5.0
417	5082	5.0
417	5237	1.0
417	5485	1.0
418	686	5.0
418	693	5.0
418	832	5.0
418	1108	5.0
418	1373	1.0
418	1412	5.0
418	2344	1.0
418	3184	1.0
418	4018	5.0
418	5076	1.0
419	221	1.0
419	774	5.0
419	2009	1.0
419	2459	5.0
419	2627	1.0
419	3718	1.0
419	3922	1.0
419	4270	5.0
419	4920	1.0
419	5082	5.0
420	221	1.0
420	1011	5.0
420	1841	5.0
420	2087	1.0
420	2305	5.0
420	2569	5.0
420	3588	1.0
420	5006	5.0
420	5111	5.0
420	5144	5.0
421	832	5.0
421	2542	5.0
421	2765	5.0
421	3145	5.0
421	3860	5.0
421	3924	1.0
421	5006	5.0
421	5076	1.0
421	5082	5.0
421	5167	5.0
422	1030	1.0
422	1031	1.0
422	2542	5.0
422	3089	5.0
422	3495	1.0
422	3562	1.0
422	3764	1.0
422	3922	1.0
422	4969	5.0
422	5144	5.0
423	693	5.0
423	1031	1.0
423	2271	5.0
423	2374	5.0
423	2627	1.0
423	2843	5.0
423	3011	5.0
423	3830	5.0
423	4018	5.0
423	4043	5.0
424	670	5.0
424	772	5.0
424	913	5.0
424	1186	1.0
424	1255	5.0
424	2087	1.0
424	2485	5.0
424	3856	5.0
424	5076	1.0
424	5167	5.0
425	793	5.0
425	886	5.0
425	2087	1.0
425	2358	5.0
425	2660	5.0
425	2976	5.0
425	3562	1.0
425	3926	5.0
425	4048	5.0
425	4866	5.0
426	847	1.0
426	894	5.0
426	2087	1.0
426	2263	5.0
426	2569	5.0
426	2976	5.0
426	3074	5.0
426	3764	1.0
426	3985	5.0
426	4018	5.0
427	760	5.0
427	1934	1.0
427	2009	1.0
427	2109	1.0
427	2305	5.0
427	2485	5.0
427	3672	5.0
427	4038	5.0
427	4866	5.0
427	4942	5.0
428	1011	5.0
428	1186	1.0
428	2263	5.0
428	2271	5.0
428	2374	5.0
428	2542	5.0
428	2627	1.0
428	3588	1.0
428	3924	1.0
428	4866	5.0
429	688	5.0
429	693	5.0
429	1112	5.0
429	1328	5.0
429	2569	5.0
429	3057	5.0
429	4595	5.0
429	4942	5.0
429	5111	5.0
429	5144	5.0
430	1142	5.0
430	2087	1.0
430	2287	5.0
430	2660	5.0
430	2866	5.0
430	3562	1.0
430	3672	5.0
430	4270	5.0
430	4613	5.0
430	5167	5.0
431	832	5.0
431	1031	1.0
431	1841	5.0
431	2660	5.0
431	3089	5.0
431	3985	5.0
431	4376	1.0
431	4942	5.0
431	4962	5.0
431	5260	5.0
432	1142	5.0
432	1769	5.0
432	2271	5.0
432	4208	5.0
432	4613	5.0
432	4920	1.0
432	4962	5.0
432	4969	5.0
432	5140	5.0
432	5260	5.0
433	1934	1.0
433	2151	5.0
433	3926	5.0
433	4001	1.0
433	4048	5.0
433	4376	1.0
433	4969	5.0
433	5140	5.0
433	5144	5.0
433	5260	5.0
434	1031	1.0
434	1108	5.0
434	1373	1.0
434	1412	5.0
434	2569	5.0
434	3074	5.0
434	3830	5.0
434	3856	5.0
434	4048	5.0
434	5260	5.0
435	1031	1.0
435	1441	1.0
435	2151	5.0
435	2542	5.0
435	2976	5.0
435	3057	5.0
435	3856	5.0
435	4208	5.0
435	4866	5.0
435	5237	1.0
436	230	1.0
436	760	5.0
436	832	5.0
436	967	5.0
436	1412	5.0
436	2263	5.0
436	2459	5.0
436	3856	5.0
436	5237	1.0
436	5355	5.0
437	847	1.0
437	1011	5.0
437	1030	1.0
437	1841	5.0
437	2151	5.0
437	3495	1.0
437	3814	1.0
437	4001	1.0
437	5260	5.0
437	5485	1.0
438	1011	5.0
438	1186	1.0
438	2359	5.0
438	3011	5.0
438	3145	5.0
438	3924	1.0
438	3985	5.0
438	4347	1.0
438	5111	5.0
438	5392	5.0
439	221	1.0
439	693	5.0
439	774	5.0
439	1116	5.0
439	1243	5.0
439	2404	1.0
439	2976	5.0
439	3924	1.0
439	4347	1.0
439	5140	5.0
440	688	5.0
440	1011	5.0
440	1041	5.0
440	1769	5.0
440	2485	5.0
440	3011	5.0
440	3145	5.0
440	3814	1.0
440	3830	5.0
440	4018	5.0
441	1116	5.0
441	1769	5.0
441	2009	1.0
441	2843	5.0
441	2866	5.0
441	3562	1.0
441	3856	5.0
441	3985	5.0
441	4894	5.0
441	5260	5.0
442	670	5.0
442	686	5.0
442	1655	5.0
442	1769	5.0
442	1934	1.0
442	2151	5.0
442	2271	5.0
442	2542	5.0
442	2843	5.0
442	5082	5.0
443	693	5.0
443	886	5.0
443	1934	1.0
443	2344	1.0
443	2459	5.0
443	3074	5.0
443	3588	1.0
443	3764	1.0
443	5237	1.0
443	5485	1.0
444	967	5.0
444	1011	5.0
444	2485	5.0
444	2765	5.0
444	3922	1.0
444	3966	1.0
444	4208	5.0
444	4376	1.0
444	4595	5.0
444	5032	5.0
445	693	5.0
445	1373	1.0
445	2459	5.0
445	3830	5.0
445	3876	5.0
445	3922	1.0
445	4043	5.0
445	5082	5.0
445	5237	1.0
445	5260	5.0
446	913	5.0
446	1030	1.0
446	2151	5.0
446	2569	5.0
446	3924	1.0
446	4001	1.0
446	4043	5.0
446	4347	1.0
446	4613	5.0
446	5260	5.0
447	774	5.0
447	1441	1.0
447	2009	1.0
447	2109	1.0
447	2359	5.0
447	2627	1.0
447	4920	1.0
447	5076	1.0
447	5167	5.0
447	5256	5.0
448	760	5.0
448	1108	5.0
448	1328	5.0
448	2109	1.0
448	2404	1.0
448	2976	5.0
448	3011	5.0
448	4001	1.0
448	4566	1.0
448	5263	5.0
449	760	5.0
449	772	5.0
449	2087	1.0
449	2151	5.0
449	2485	5.0
449	2672	5.0
449	2765	5.0
449	3495	1.0
449	4376	1.0
449	5485	1.0
450	230	1.0
450	1011	5.0
450	2009	1.0
450	2359	5.0
450	4018	5.0
450	4038	5.0
450	4043	5.0
450	4603	1.0
450	4613	5.0
450	4866	5.0
451	832	5.0
451	1108	5.0
451	2459	5.0
451	4347	1.0
451	4894	5.0
451	5076	1.0
451	5260	5.0
451	5355	5.0
451	5392	5.0
451	5485	1.0
452	894	5.0
452	913	5.0
452	1769	5.0
452	2109	1.0
452	3184	1.0
452	3495	1.0
452	4270	5.0
452	4347	1.0
452	5006	5.0
452	5392	5.0
453	230	1.0
453	847	1.0
453	913	5.0
453	967	5.0
453	2404	1.0
453	3057	5.0
453	3145	5.0
453	3672	5.0
453	3860	5.0
453	5263	5.0
454	230	1.0
454	688	5.0
454	693	5.0
454	1866	1.0
454	2358	5.0
454	3876	5.0
454	4208	5.0
454	4595	5.0
454	4613	5.0
454	5032	5.0
455	760	5.0
455	793	5.0
455	1841	5.0
455	2374	5.0
455	2672	5.0
455	2765	5.0
455	3089	5.0
455	3718	1.0
455	3764	1.0
455	4001	1.0
456	686	5.0
456	693	5.0
456	774	5.0
456	793	5.0
456	886	5.0
456	1866	1.0
456	2009	1.0
456	3985	5.0
456	4038	5.0
456	5006	5.0
457	760	5.0
457	847	1.0
457	1142	5.0
457	2087	1.0
457	2374	5.0
457	2627	1.0
457	3495	1.0
457	3672	5.0
457	3860	5.0
457	4894	5.0
458	774	5.0
458	2305	5.0
458	2866	5.0
458	3057	5.0
458	3672	5.0
458	3764	1.0
458	4347	1.0
458	4942	5.0
458	5111	5.0
458	5260	5.0
459	1116	5.0
459	2263	5.0
459	2271	5.0
459	2358	5.0
459	2660	5.0
459	3184	1.0
459	3860	5.0
459	3876	5.0
459	4048	5.0
459	5167	5.0
460	1116	5.0
460	1243	5.0
460	1545	1.0
460	2109	1.0
460	2976	5.0
460	3074	5.0
460	3562	1.0
460	3814	1.0
460	4208	5.0
460	5111	5.0
461	793	5.0
461	1030	1.0
461	1328	5.0
461	2358	5.0
461	2843	5.0
461	3011	5.0
461	4001	1.0
461	4376	1.0
461	4942	5.0
461	5260	5.0
462	686	5.0
462	793	5.0
462	1142	5.0
462	1186	1.0
462	1441	1.0
462	1769	5.0
462	2263	5.0
462	4603	1.0
462	4942	5.0
462	5392	5.0
463	913	5.0
463	1011	5.0
463	1108	5.0
463	1243	5.0
463	1328	5.0
463	2087	1.0
463	2263	5.0
463	4347	1.0
463	4920	1.0
463	4969	5.0
464	772	5.0
464	774	5.0
464	1655	5.0
464	1934	1.0
464	2765	5.0
464	3876	5.0
464	4270	5.0
464	4866	5.0
464	4920	1.0
464	5082	5.0
465	1108	5.0
465	1373	1.0
465	1655	5.0
465	2287	5.0
465	2305	5.0
465	2866	5.0
465	2976	5.0
465	3856	5.0
465	4566	1.0
465	5082	5.0
466	221	1.0
466	847	1.0
466	1142	5.0
466	1412	5.0
466	2374	5.0
466	2569	5.0
466	3057	5.0
466	3814	1.0
466	3966	1.0
466	4603	1.0
467	216	5.0
467	760	5.0
467	1116	5.0
467	1412	5.0
467	2287	5.0
467	2485	5.0
467	2976	5.0
467	3830	5.0
467	4018	5.0
467	5076	1.0
468	967	5.0
468	1142	5.0
468	2009	1.0
468	2843	5.0
468	3074	5.0
468	3764	1.0
468	4018	5.0
468	4043	5.0
468	4613	5.0
468	5256	5.0
469	1441	1.0
469	1769	5.0
469	2459	5.0
469	2569	5.0
469	2843	5.0
469	3764	1.0
469	3966	1.0
469	4042	1.0
469	4208	5.0
469	4942	5.0
470	1545	1.0
470	1655	5.0
470	1866	1.0
470	2305	5.0
470	2359	5.0
470	2765	5.0
470	3089	5.0
470	3184	1.0
470	4376	1.0
470	5355	5.0
471	793	5.0
471	832	5.0
471	1041	5.0
471	1243	5.0
471	2305	5.0
471	2485	5.0
471	2976	5.0
471	4018	5.0
471	4038	5.0
471	5006	5.0
472	886	5.0
472	1030	1.0
472	1116	5.0
472	2358	5.0
472	3074	5.0
472	3924	1.0
472	4048	5.0
472	4270	5.0
472	4347	1.0
472	4603	1.0
473	1030	1.0
473	1769	5.0
473	2359	5.0
473	2459	5.0
473	2976	5.0
473	3057	5.0
473	3672	5.0
473	4208	5.0
473	5111	5.0
473	5392	5.0
474	3588	1.0
474	3672	5.0
474	3830	5.0
474	3860	5.0
474	4043	5.0
474	4347	1.0
474	4566	1.0
474	4595	5.0
474	4603	1.0
474	5032	5.0
475	693	5.0
475	1108	5.0
475	2087	1.0
475	2660	5.0
475	3672	5.0
475	3856	5.0
475	4566	1.0
475	4969	5.0
475	5140	5.0
475	5256	5.0
476	772	5.0
476	886	5.0
476	913	5.0
476	3011	5.0
476	3145	5.0
476	3922	1.0
476	4866	5.0
476	4942	5.0
476	5256	5.0
476	5263	5.0
477	688	5.0
477	886	5.0
477	2569	5.0
477	2976	5.0
477	3495	1.0
477	4347	1.0
477	4376	1.0
477	4611	5.0
477	5140	5.0
477	5144	5.0
478	894	5.0
478	2109	1.0
478	2263	5.0
478	2344	1.0
478	2569	5.0
478	2765	5.0
478	3011	5.0
478	3184	1.0
478	3856	5.0
478	4042	1.0
479	216	5.0
479	230	1.0
479	1041	5.0
479	2151	5.0
479	2404	1.0
479	2976	5.0
479	3074	5.0
479	3985	5.0
479	4942	5.0
479	5111	5.0
480	886	5.0
480	967	5.0
480	2087	1.0
480	2287	5.0
480	2344	1.0
480	2359	5.0
480	2569	5.0
480	3495	1.0
480	4613	5.0
480	4969	5.0
481	772	5.0
481	886	5.0
481	1255	5.0
481	1866	1.0
481	2627	1.0
481	3495	1.0
481	4018	5.0
481	4603	1.0
481	4942	5.0
481	5140	5.0
482	688	5.0
482	1142	5.0
482	2358	5.0
482	2627	1.0
482	2660	5.0
482	2672	5.0
482	3057	5.0
482	4942	5.0
482	5111	5.0
482	5237	1.0
483	1142	5.0
483	2359	5.0
483	2672	5.0
483	3814	1.0
483	3856	5.0
483	3926	5.0
483	4018	5.0
483	4043	5.0
483	4611	5.0
483	5237	1.0
484	221	1.0
484	686	5.0
484	1030	1.0
484	1255	5.0
484	1841	5.0
484	2151	5.0
484	2672	5.0
484	4613	5.0
484	5006	5.0
484	5076	1.0
485	688	5.0
485	832	5.0
485	1116	5.0
485	1412	5.0
485	2660	5.0
485	3089	5.0
485	3718	1.0
485	3985	5.0
485	4038	5.0
485	4042	1.0
486	688	5.0
486	967	5.0
486	1031	1.0
486	1769	5.0
486	2358	5.0
486	2374	5.0
486	3011	5.0
486	3588	1.0
486	4962	5.0
486	5260	5.0
487	688	5.0
487	1545	1.0
487	2305	5.0
487	2404	1.0
487	3145	5.0
487	3830	5.0
487	3924	1.0
487	3926	5.0
487	4208	5.0
487	5167	5.0
488	967	5.0
488	1373	1.0
488	2404	1.0
488	3588	1.0
488	3830	5.0
488	3966	1.0
488	3985	5.0
488	4001	1.0
488	4603	1.0
488	5392	5.0
489	774	5.0
489	832	5.0
489	1041	5.0
489	1108	5.0
489	3074	5.0
489	3089	5.0
489	3184	1.0
489	3562	1.0
489	3985	5.0
489	5167	5.0
490	670	5.0
490	774	5.0
490	886	5.0
490	1030	1.0
490	1108	5.0
490	1866	1.0
490	3814	1.0
490	3860	5.0
490	5237	1.0
490	5392	5.0
491	772	5.0
491	886	5.0
491	1108	5.0
491	1412	5.0
491	1769	5.0
491	3924	1.0
491	3926	5.0
491	4208	5.0
491	5006	5.0
491	5392	5.0
492	670	5.0
492	693	5.0
492	832	5.0
492	2109	1.0
492	2843	5.0
492	3985	5.0
492	4603	1.0
492	5032	5.0
492	5111	5.0
492	5485	1.0
493	886	5.0
493	894	5.0
493	1186	1.0
493	1328	5.0
493	1373	1.0
493	1934	1.0
493	2287	5.0
493	2660	5.0
493	3145	5.0
493	4603	1.0
494	686	5.0
494	1186	1.0
494	1373	1.0
494	2151	5.0
494	2569	5.0
494	2672	5.0
494	2843	5.0
494	3145	5.0
494	4001	1.0
494	4347	1.0
495	1011	5.0
495	1186	1.0
495	2660	5.0
495	3057	5.0
495	3830	5.0
495	4270	5.0
495	4347	1.0
495	4595	5.0
495	4962	5.0
495	5032	5.0
496	793	5.0
496	847	1.0
496	1041	5.0
496	2765	5.0
496	3074	5.0
496	3814	1.0
496	4603	1.0
496	5032	5.0
496	5263	5.0
496	5485	1.0
497	216	5.0
497	967	5.0
497	1108	5.0
497	1186	1.0
497	1412	5.0
497	1841	5.0
497	3184	1.0
497	3562	1.0
497	4866	5.0
497	5144	5.0
498	693	5.0
498	760	5.0
498	1041	5.0
498	1841	5.0
498	2542	5.0
498	2569	5.0
498	3011	5.0
498	4566	1.0
498	4595	5.0
498	5032	5.0
499	1142	5.0
499	2109	1.0
499	2359	5.0
499	2569	5.0
499	2765	5.0
499	3089	5.0
499	4603	1.0
499	4866	5.0
499	4920	1.0
499	5140	5.0
